:020000040800F2
:10000000300C002039020008396F00085D5D0008DF
:10001000096F000879240008E5800008000000004E
:10002000000000000000000000000000C177000890
:1000300049290008000000005B6F0008997800085B
:10004000530200085302000853020008530200083C
:10005000530200085302000853020008530200082C
:10006000530200085302000853020008530200081C
:10007000530200085302000853020008530200080C
:1000800053020008530200085302000853020008FC
:1000900053020008530200085302000853020008EC
:1000A00053020008530200085302000853020008DC
:1000B00053020008530200085302000853020008CC
:1000C00053020008530200085302000853020008BC
:1000D00053020008530200085302000853020008AC
:1000E0004B2900085302000853020008530200087D
:1000F000530200085302000853020008530200088C
:10010000530200085302000853020008530200087B
:1001100053020008097F00081979000853020008FB
:10012000530200085302000853020008530200085B
:1001300000F002F800F070F80AA090E8000C824489
:100140008344AAF10107DA4501D100F065F8AFF266
:10015000090EBAE80F0013F0010F18BFFB1A43F0A5
:1001600001031847C0CC0000E0CC00000A444FF067
:10017000000C10F8013B13F0070408BF10F8014B06
:100180001D1108BF10F8015B641E05D010F8016B4B
:10019000641E01F8016BF9D113F0080F1EBF10F8AF
:1001A000014BAD1C0C1B09D16D1E58BF01F801CBD2
:1001B000FAD505E014F8016B01F8016B6D1EF9D555
:1001C0009142D6D37047000000230024002500266A
:1001D000103A28BF78C1FBD8520728BF30C148BFAA
:1001E0000B60704766290BF0ED85642900F0B28042
:1001F000002070471FB500F0FFFD04000020002123
:100200000AF0A2FC401C6060002000210AF086FC7D
:10021000E0601FBD10B510BD00F01EFF1146FFF7D6
:10022000E9FF09F02DFD01F0C1F903B4FFF7F2FF7A
:1002300003BC08F0E5F8000009488047094800477A
:10024000FEE7FEE7FEE7FEE7FEE7FEE7FEE7FEE786
:10025000FEE7FEE704480549054A064B70470000E3
:10026000177900083101000830060020300C00200A
:100270003008002030080020704710B54C1084EA88
:10028000530404D54042C1F1000138BF491E1B424E
:1002900004D55242C3F1000338BF5B1E00F01EFAC2
:1002A00014F0804F04D04042C1F1000138BF491E14
:1002B00014F0004F04D05242C3F1000338BF5B1E5C
:1002C00010BD00000FB4044910B503AA029800F055
:1002D0000DFD10BC5DF814FB980000200FB41CB598
:1002E000074B06AA7B4469460090059800F0E5FCA0
:1002F0000020694600F0F4FC1CBC5DF814FB000013
:10030000F909000070B5044685690068C10601D589
:10031000302600E02026C00707D070BDD4E90121B7
:1003200030469047206A401C20626D1EF6D570BD95
:1003300070B5044685690078C00707D170BDD4E95F
:10034000012120209047206A401C20626D1EF6D5B6
:1003500070BD00002DE9F0410646002410687529A3
:10036000314616A510D0AFF30080002802DA4042D3
:1003700013A507E031688A0701D512A502E04907F5
:1003800004D511A5012401E0AFF3008000210A2269
:1003900006F1240709E0B0FBF2FCB0FBF2F302FB2C
:1003A0001C00303078541846491C0028F3D12346ED
:1003B0002A463046BDE8F04100F012BA00000000C5
:1003C0002D0000002B000000200000002DE9F04768
:1003D0004FF0000A89460446C0F820A02046E16894
:1003E0008847002876D0252806D0D4E901219047F7
:1003F000206A401C2062F1E7E1682046002588471A
:10040000C4F81CA006460027C4F818A02A2E09D05C
:10041000304607F0EEFF38B304EB8708303EC8F8EB
:10042000186019E059F8041B204604EB870291611B
:10043000E1688847012F064618D1E069002820DAD4
:1004400025F020051DE0D8F8180000EB800006EB31
:1004500040003038C8F818002046E1688847064652
:1004600007F0C7FF0028EED1012F0AD02E2E08D1A9
:100470002046E16888477F1C0646022F45F020058C
:10048000C4DBA069002803DA404245F00105A06101
:10049000E80701D025F01005B6B1A6F141001928F2
:1004A00002D8203645F400654A463146204625608C
:1004B0004D46FFF797FE58B1012806D0ED1D25F0F7
:1004C000070000F1080989E704E005F1040985E760
:1004D00030468AE7206ABDE8F08740EA010310B59C
:1004E0009B070FD1042A0DD310C808C9121F9C42C4
:1004F000F8D020BA19BA884201D9012010BD4FF0B6
:10050000FF3010BD1AB1D30703D0521C07E0002002
:1005100010BD10F8013B11F8014B1B1B07D110F85F
:10052000013B11F8014B1B1B01D1921EF1D1184662
:1005300010BD10B5431C02E010F8011B71B181071A
:10054000FAD14FF0013202C88C1A8C4314EAC2115E
:10055000F9D0C01A0A0603D0C01E10BDC01A10BDC3
:100560000A0401D0801E10BD0902FCD0401E10BD3F
:10057000421E12F8013F002BFBD111F8013B002B6A
:1005800002F8013BF9D17047032A40F2308010F0A5
:10059000030C00F0158011F8013BBCF1020F62441E
:1005A00098BF11F801CB00F8013B38BF11F8013BAF
:1005B000A2F1040298BF00F801CB38BF00F8013B5C
:1005C00011F0030300F02580083AC0F0088051F8CC
:1005D000043B083A51F804CBA0E80810F5E7121DD7
:1005E0005CBF51F8043B40F8043BAFF30080D207F6
:1005F00024BF11F8013B11F801CB48BF11F8012BC2
:1006000024BF00F8013B00F801CB48BF00F8012BE4
:10061000704710B5203AC0F00B80B1E81850203A6E
:10062000A0E81850B1E81850A0E81850BFF4F5AF92
:100630005FEA027C24BFB1E81850A0E8185044BF1C
:1006400018C918C0BDE810405FEA827C24BF51F889
:10065000043B40F8043B08BF7047D20728BF31F87D
:10066000023B48BF11F8012B28BF20F8023B48BFCE
:1006700000F8012B704702F0FF0343EA032242EA2D
:10068000024200F099BB4FF0000200B513469446B9
:100690009646203922BFA0E80C50A0E80C50B1F1DA
:1006A0002001BFF4F7AF090728BFA0E80C5048BFEE
:1006B0000CC05DF804EB890028BF40F8042B08BF8C
:1006C000704748BF20F8022B11F0804F18BF00F888
:1006D000012B7047704770477047704753EA020C10
:1006E00000F069802DE9F04B4FF00006002B1FBF92
:1006F000B3FA83F503FA05F424FA05F65E4012BF57
:100700001643B2FA82F502FA05F4C5F120051EBFC0
:1007100022FA05FC44EA0C04203556EA044C4FEA60
:10072000144418BF641C4FF000084FF000099042B9
:1007300071EB030C39D3002919BFB1FA81F701FA23
:1007400007F6B0FA80F700FA07F6C7F120071EBFD8
:1007500020FA07FC46EA0C062037B6FBF4FCA7EBB0
:100760000507103F07F01F0BCBF120060CFA0BFB1F
:100770002CFA06F644BFB3460026202FA4BF5E46DF
:100780004FF0000B5BEA060C08BF4FF0010B19EBB2
:100790000B09ABFB027C48EB0608C01B06FB02CC36
:1007A0000BFB03CC71EB0C01C1E70B460246414643
:1007B0004846BDE8F08B13B54FF000004FF0000144
:1007C000AFF30080BDE81C40704710B500F018FB87
:1007D000006810BD10B5044600F012FB046010BDA7
:1007E0002DE9F0470D4699469246044600F124084B
:1007F0000168880604D5E06921F01001216000E05D
:100800000120A84201DD471B00E00027A1697A19F9
:1008100002EB0900081AA0612078C00602D4204625
:10082000FFF770FD002608E0D4E901211AF8060060
:100830009047206A401C761C20624E45F4DB2078ED
:10084000C0060AD52046FFF75DFD06E0D4E9012188
:1008500030209047206A401C2062381EA7F1010713
:10086000F4DC07E0D4E9012118F805009047206A7C
:10087000401C2062281EA5F10105F3DC2046FFF78D
:1008800057FD2078000602D50220BDE8F087012040
:10089000FBE770472DE9FF4F0C461E464FF0FF3730
:1008A0008BB0D2E90001DDF860800A908A46C1F37E
:1008B0000A5505B93D46002108464FF00000BAF13F
:1008C000000F00F4400005DA00EB80004FF4400117
:1008D00001EA50004FEA9059B9F1010F00DDB94625
:1008E0000A9850EA4A000ED044F61050A5F2FF359F
:1008F00045432F14B8F1000F1ED07542291E1EDD8E
:10090000C9F100021CE0B8F1010F4FF0000001D066
:10091000302103E0F24305E02154401CB042FBDBF0
:1009200030460022002121540B99C1F80880C1E90A
:1009300000200FB0BDE8F08FBD1B6D1CDEE74A46FE
:1009400000DA694206A800F00DFB06AB93E8070049
:1009500003AB83E8070050460A9901F0BCF88DE824
:100960000700A0F500501F3800900398002D0ADD05
:1009700042F21F014A460844002303A90390684637
:1009800001F068FB09E0A0F500504A461F3800233B
:1009900003A90390684601F087FB8DE80700000477
:1009A000000C03D04FF0FF30410800E01046B8F1D2
:1009B000000F03D00022009215461EE0751E05D4DC
:1009C00000F022FA303262556D1EF9D5B34601228D
:1009D000084302D000227F1C04E02078302801D197
:1009E00000227F1E002A099784D01DE0112D07DA0E
:1009F00000F00AFA303262556D1C50EA0102F5D15E
:100A0000084302D00098C8B10EE00021681E05E03E
:100A1000235C625C63542254401E491C8142F7DB14
:100A2000AB46A81B401E0990002004F80B000B9851
:100A3000099AC0F80880C0E9002B7AE711264FF028
:100A4000000857E72DE9F04F88460446D21D22F0F2
:100A5000070191B0D1E90001CDE90A0107F0C4FB1B
:100A600002460B98C00F01D02D2007E020688107B7
:100A700001D52B2002E0202101EAC000032A0990C1
:100A800001D0072A05DB03464146204600F00AFA5A
:100A90000BE12078800601D5E06900E00620B8F17E
:100AA000650F814606D0B8F1660F18D0B8F1670F10
:100AB00070D131E00020B9F1110F009001DB11235A
:100AC00001E009F101030AAA01A90CA8FFF7E2FE5F
:100AD000DDE90C70002609F10105834647E001209D
:100AE0004B4600904FF000470AAA01A90CA8FFF757
:100AF000D1FEDDE90DB00C995D46002610B909F173
:100B000001000D18B9EB050003D4C0F1FF3609F15F
:100B10000105A5EB09002BE0B9F1010F01DA4FF057
:100B200001090020B9F1110F0090484601DD1123A1
:100B300000E003460AAA01A90CA8FFF7ABFEDDE915
:100B40000C704D4600268346207800070AD4AB453A
:100B500000DA5D4601A8012D04DD411911F8011CE0
:100B6000302907D04F4502DA17F1040F04DA0120CB
:100B700082460FE06D1EEEE7002F02DCED1B3E44C7
:100B800003E0781CA84200DD7D1CB81B00F1010ABF
:100B90004FF000472078000703D4AA4501DB4FF04F
:100BA000FF3A0021B7F1004F0DF143088DF84310D3
:100BB00024D002202B23002F01DA7F422D230A218B
:100BC000021EA0F1010000DC5FB197FBF1FC97FB76
:100BD000F1F201FB1C7C17460CF1300C08F801CD3A
:100BE000EEE7A8F1010003702188090501D5452130
:100BF00000E06521A0F1010800F8011C09980FA987
:100C0000A1EB0807FF1D00B10120411901EBEA70BB
:100C1000A1693844081A401EA0612078C00602D499
:100C20002046FFF76FFB099828B1D4E901219047CE
:100C3000206A401C20622078C00622D52046FFF79B
:100C400061FB1EE0002E04DBB34502DD01A8805DE0
:100C500000E03020D4E901219047206A401C206246
:100C6000761CAAF101005FEA000A0AD100F0C4F87C
:100C7000C0680168405CD4E901219047206A401CAB
:100C80002062281EA5F10105DCDC07E0D4E9012182
:100C900018F8010B9047206A401C2062381EA7F10B
:100CA0000107F3DC2046FFF743FB032011B041E6C8
:100CB00001694A1C02610878704700B58FB0CDE920
:100CC00001310021059105497944CDE90310114610
:100CD0006846FFF77BFB0FB000BD0000E5FFFFFF9C
:100CE0000A6802F8010B0A6070470000074B70B5F4
:100CF0000D467B44FFF7E1FF0446284600F0A4F9C7
:100D000010B14FF0FF3070BD204670BDE788000085
:100D10000FB4002300B589B00CA900910B99CB60EA
:100D2000214B7B440693214B7B44079304236FF0B4
:100D30000042CDE901321E4A7A446B4608920246CF
:100D400000200BF0C7F809B05DF814FB70B506463B
:100D50004FF0FF3015460C46324686B00091CDE983
:100D6000010169460020049004A8FFF7D1FF024664
:100D70000498211825B108B1084600E020462860F3
:100D8000049800280DD0002A02DD0098884208D07F
:100D90003246081B69460094CDE9010404A8FFF718
:100DA000B7FF06B070BD0000FF0100001702000091
:100DB000570100004FF000020429C0F0128010F02B
:100DC000030C3FF462ACCCF1040CBCF1020F18BF71
:100DD00000F8012BA8BF20F8022BA1EB0C01FFF7B4
:100DE00054BC5FEAC17C24BF00F8012B00F8012B42
:100DF00048BF00F8012B704700487047F0050020FD
:100E000000487047D005002030B5B0F10A024FEA23
:100E1000900E71F100034EEA817EB0EB0E0061EBA3
:100E200091014FEA101E4EEA017E10EB0E0041EBDD
:100E300011114FEA102E4EEA016E10EB0E0041EB3D
:100E400011214FEA104E4EEA014E10EB0E0041EB1D
:100E50001141401841F100014FEAD00040EA4170D1
:100E60004FEAD10110EB80054FEA810444EA907407
:100E700044EB01046D1944EB0404521BA3414FF0F1
:100E8000000348BF0A3200D530BD401C41F10001CB
:100E900030BD10B5044600F005F90068005D00F0B3
:100EA000010010BD2DE9F0411F46044603260168EC
:100EB000072A01F4006004DB08B116A505E016A5B9
:100EC00003E008B115A500E015A521F01000206091
:100ED000A069C01EA0610FB1401EA0612046FFF7AF
:100EE00011FA4FB1D4E9012138469047206A401CDD
:100EF0002062C01C206206E0206AFAE7D4E90121E2
:100F000015F8010B9047761EF8D22046FFF710FA2D
:100F1000BDE8F0814E414E006E616E00494E4600C4
:100F2000696E6600426842B1016811F8013B23B165
:100F3000521EC0E90012184670470121C160881E88
:100F4000704742685AB1C368016843B983688B42ED
:100F500005D0491E521CC0E90012002070474FF016
:100F6000FF3070472DE9F047814616468AB0354874
:100F700078440DC88DE80D0032487844801C03ACDD
:100F80000DC884E80D0041F69B300844372190FBE2
:100F9000F1F290FBF1F5A5F1800501FB12041B3C79
:100FA00002D56442012000E00020DFF898A08046CE
:100FB0000027FA44AAF1BE0A0EE0E0070AD0324642
:100FC000684607EB470101230AEB810101F06CF849
:100FD0008DE8070064107F1C002CEED1194F7F4470
:100FE000AE3F19E0E80715D007EB04100DF1180A21
:100FF00090E80E008AE80E00C068F04201D198190E
:1010000008903246012306A903A801F04DF803AB6E
:1010100083E807006D10641C002DE3D14FF001033D
:1010200032466946B8F1000F03A802D001F012F869
:1010300001E001F039F8C9E90001C9F808200AB057
:10104000BDE8F08748BE0000007B00F080007047DC
:1010500000487047D00500207546FFF7F9FFAE46FF
:1010600005006946534620F00700854618B020B5B4
:10107000FFF7F0F8BDE820404FF000064FF0000702
:101080004FF000084FF0000B21F00701AC46ACE830
:10109000C009ACE8C009ACE8C009ACE8C0098D469D
:1010A0007047000010B5FFF7A7FE001D10BD00BF80
:1010B000999A00002DE9FF4F06468BB00878FF286B
:1010C00006D0491C2D2805D000244FF0000908E067
:1010D00000200CE00124F8E709EB8903491C00EB30
:1010E00043090878FF28F7D114B1C9F100008146FF
:1010F000107800252C46AA4629462D2801D02B28F9
:1011000004D1521C2D2813D0002082468B46107823
:10111000FF280FD04FF0000C0A21521CA5FB0178CC
:1011200004FB018105FB0C11C5194BEB0104EEE733
:101130000120EAE7002108464FF00000BAF1000F55
:1011400002D000EB80004008C0F38157012F01DD81
:101150004FF0FF370E9955EA040009EB01080BD058
:101160004FF0020918F5FA7F16DA4FEACA70002F1D
:10117000706008DD012007E04FEACA70C6E900B0E0
:101180000FB0BDE8F08F00203060FFF739FEC0F8E7
:1011900000901821084616E0B8F5FA7F18DD002FF8
:1011A00002DAF748784401E0F6487844D0E90010C4
:1011B000C6E9001040EACA707060FFF721FEC0F86F
:1011C0000090142108460FB0BDE8F04F0AF0F7BDBB
:1011D000002108464FF00000B8F10001099002DA42
:1011E000C7F1000200E03A4601DAC8F1000106A8A2
:1011F000FFF7B8FE06AB93E8070003AB83E80700F0
:1012000044F23E005BEA04010090584604D144F2E7
:101210001E012C465D460091210C0904014306D1B4
:101220000099240444EA15442D041039009104F077
:101230007F41014306D10099240244EA15642D023E
:101240000839009104F07041014306D1009924014E
:1012500044EA15742D01091F009104F04041014337
:1012600006D10099A40044EA9574AD00891E00914E
:1012700004F00041084304D100986D196441401EF8
:1012800000904FF001033A466846B8F1000FCDE9EF
:10129000014503A902DD00F01CFF01E000F0EFFEB4
:1012A000BAF1000F04460D4601D084F0004400213D
:1012B00008464FF00000099940F2FF77484010F0CF
:1012C0000C0F07D124F00040284303D0C4F30A5088
:1012D000B84212D1FFF794FDC0F80090C4F30A5051
:1012E000B8420AD1A8487844D0E90010C6E90010F5
:1012F00004F000410843706042E7C6E900543FE74C
:101300002DE9FF4F1F464FF0000A4FF0FF384546CA
:1013100091B0D7E90146CDF83CA0FFF76DFDC0685C
:101320000168405C1090B96912986D1C8847396A51
:10133000814688470028F6D1B9F1FF3F0AD0002E38
:1013400024F4D06411DDB9F12B0F08D0B9F12D0FC1
:101350000BD102E0404615B013E744F48064B9694C
:1013600012986D1C8847761E8146600504A901D538
:101370002D2000E02B20002E01F1010B0DF1300893
:101380008DF810003FDDB9F1690F08D0B9F1490FB0
:1013900005D0B9F16E0F02D0B9F14E0F1CD13B460A
:1013A00001A8009580E85002DDE912126FF00200FA
:1013B0000AF094FDC11CCED10EE0B96912986D1CE3
:1013C000884781461398761E44F4007405600F9890
:1013D000401C002E0F9016DDB9F1300FEDD0B9F1A1
:1013E000780F02D0B9F1580F0DD10F9801280AD10A
:1013F0003B46CDE90054DDE91212001F02960AF0C7
:101400006BFDC11CA7D1109989453ED144F08004E1
:1014100006E01399681CAAF1010A44F400740860FC
:10142000B9696D1C1298761E884730288146F0D025
:101430002BE01099894505D1200603D4761E44F08F
:10144000800418E0484606F0D4FF08B3761E0DF17C
:1014500023018B4544F4007408D2A9F130000BF845
:10146000010B200607D5AAF1010003E0200602D4F3
:101470000AF101008246A00502D51399681C086094
:10148000B96912986D1C88478146002ED1DC53E063
:10149000002E51DDB9F1650F02D0B9F1450F4BD1E6
:1014A000A00549D5B9696D1C1298761E24F44074C4
:1014B0008847002E81460CDD2B2804D0B9F12D0F72
:1014C00007D144F48074B96912986D1C8847761E60
:1014D0008146E00501D52D2100E02B2108F8011BF4
:1014E000CDF8008021E0761E0DF13901884544F4E5
:1014F00000740CD2A9F1300010F0FF0088F8000051
:1015000002D10099884509D908F1010806E0E005F3
:1015100001D51E4801E042F20F708246B969129867
:101520006D1C8847814613980560002E04DD4846EF
:1015300006F05FFF0028D6D1F96912988847FF208E
:1015400053468BF8000088F8000000200A900B90AA
:1015500004AA0CA90AA8FFF7ADFDA00502D46FF0FC
:101560000100F8E614F0240F12D0E0071CD138680F
:10157000DDE90A12031D3B600068C0E9001213E0B8
:10158000A4BC000096BC00005ABB0000F1D8FFFFCD
:101590000AA9684606F0BCFEE00705D13868009A43
:1015A000011D3960006802602846D4E610B5044683
:1015B000AFF300802046BDE81040FEF736BE0000C5
:1015C0004FF0013C50F8042B51F8043B9A4221D1D2
:1015D000A2EB0C03934313EACC1317D150F8042B5E
:1015E00051F8043B9A4215D1A2EB0C03934313EA42
:1015F000CC130BD150F8042B51F8043B9A4209D17B
:10160000A2EB0C03934313EACC13DBD04FF00000A2
:10161000704700BFD01A01BAB1FA81F101F0180188
:1016200022FA01F0CB40C1F12001DBB2C0B2C01AF6
:101630002CFA01F3D11A914311EAC311E6D1704794
:101640002DE9FF4F1F464FF03C0987B04FF0004295
:10165000DDE9141001F10108DDF858A002EA40505C
:101660000390002005908346054604460490B9691E
:10167000461E08988847AAF1010A0290BAF1000FA5
:101680003BDD02982E2815D0102100F016FA002814
:101690002EDB4FF0010B0599014317D0B9F1000F74
:1016A0000BDB4A46C11700F0F5F905430C43A9F1DD
:1016B000040905E0012004900BE008B145F00105A4
:1016C00001200590049820B9361D02E0049800B16D
:1016D000361FB969089808F101088847BBF1000F67
:1016E000AAF1010A0290C9D00999C1F80080C5E7A2
:1016F0000298702808D0502806D0F96908988847C1
:10170000BBF1000F14D04FE0002002900120BBF18C
:10171000000F049009D0B969089808F101088847BA
:10172000AAF10109B9F1000F07DCF96908988847A7
:101730006FF001000BB0BDE8F08F2B2804D02D28EE
:101740000CD14FF0FF300490B969089808F10108F6
:101750008847A9F10109B9F1000FE6DD411CE4D089
:101760000A2100F0AAF90028DFDB029908F101083C
:1017700001EB810100EB41000290B96908988847AC
:101780000A2100F09AF9099AA9F10109B9F1000FAB
:10179000C2F8008001DD0028E7DAF9690898884777
:1017A0000499029800FB016655EA040004D004F095
:1017B0004041090002D006E0039898E0A40044EA02
:1017C0009574AD00B61E04F00041080002D16D19F9
:1017D0006441761E159810F0240F03D04FF00B09CA
:1017E0005C4803E04FF028096FF07D0082465645C3
:1017F00007DAAAEB06018944B9F1410F01DD4FF088
:10180000410901200021A9F1010200F043F902463B
:1018100028400B462140084301D0012100E000216F
:10182000501E029143F1FF3128402140084301D06E
:10183000012000E000200299834651EA0B014FD0BD
:10184000002108464FF00000039900F4400039B130
:1018500000EB80004FF4400100EBD07001EA600023
:101860008015012802DD4FF0FF3000E013D0401C4E
:1018700036D0029860B3BBF1000F0CD14A4601206C
:10188000002100F007F928402140084301D0012041
:1018900000E00020E0B101204A46002100F0FAF803
:1018A000034640190A4661412D1A8C4111D3B9F102
:1018B000400F09DD159810F0240F02D0AAF134066C
:1018C00003E0AAF1170600E0761C00254FF0004463
:1018D00006E05B1E42F1FF3220EA030521EA020422
:1018E000CAF10100B04206DA1B490398084301908F
:1018F000002000900EE0039AC4F3D321E80A0A43C3
:10190000164940EA44500A433146CDE90002684690
:1019100006F064FD159810F0240F0BD01598C00741
:1019200015D13868DDE90012031D3B600068C0E98D
:1019300000120CE002A8694606F0EAFC1598C00700
:1019400005D13868029A011D39600068026040467E
:10195000F0E6000002FCFFFF0000F07F0000F03F17
:101960002DE9FF4F92461D4685B04FF00041DDE95D
:10197000124BDDE914727F1E01EA4B50414940F0E1
:10198000FF4940EA0108002122F020004928049183
:1019900002D04E2828D04CE03BA0012607C88DE895
:1019A0000700A9690698641C88477F1E014606D473
:1019B0001DF8060018B121F0200181420BD0E96921
:1019C00006988847032E34D0082E32D06FF00100DD
:1019D00009B0BDE8F08F761C032E01D0082EE0D1AF
:1019E000601CCAF80000DCE7A9690698641C8847F7
:1019F0007F1E2AD420F02000412826D1A96906980C
:101A0000641C88477F1E20D420F020004E281CD163
:101A1000A9690698641C88477F1E48F4002849F489
:101A20008009CAF8004001D4282806D0E969069840
:101A300088475FEACB7012D022E0A9690698641C3F
:101A400088477F1E01D4002803DAE9690698884791
:101A5000BCE72928F1D1641CCAF80040E9E71BF073
:101A6000240F07D028680499031D2B600068C0E983
:101A7000001805E02868021D2A600068C0F8009080
:101A80002046A5E70000F07F494E46494E4954598B
:101A900000000000B2F120030AD5C2F1200301FAD0
:101AA00002F120FA03F300FA02F041EA0301704761
:101AB00000FA03F14FF0000070473A2800D23038A6
:101AC00020F02002412A01D3A2F13700884201D33D
:101AD0004FF0FF3070475FEA400C08BF91F0000FF5
:101AE0004FEA8C234FEAC12243EA51514FEA1C507E
:101AF00018BF00F5F0404FEA300018BF41F0004138
:101B00005FEA6C5C00F02980BCF1FF3F08BF40F049
:101B100080407047130C06BF12044FF0100C4FF0BA
:101B2000000C130E04BF12020CF1080C130F04BFBB
:101B300012010CF1040C930F04BF92000CF1020C83
:101B4000D30F04BF52000CF1010C11464FF00002FC
:101B5000A0F11F00A0EB0C00704711F0004F08BF70
:101B6000704731F000413FF4D5AF0B0C06BF0904BC
:101B70004FF0100C4FF0000C0B0E04BF09020CF1DB
:101B8000080C0B0F04BF09010CF1040C8B0F04BFF0
:101B900089000CF1020CCB0F04BF49000CF1010CC1
:101BA000CCF12003A0EB0C0022FA03F302FA0CF2B2
:101BB00041EA030100F10100704720F07F4C80EA08
:101BC000030023F07F47ACEB070303F57C5300F0E1
:101BD000004003F1FF032DE980494FEA154B09B49A
:101BE0004FEA144325EA0B4E24EA03480FF2042679
:101BF00006EB132749083E785FEA320203FB0667CB
:101C0000C7F5000707FB06F64FEA54374FEAD646FA
:101C100006F1020607FB066CCCF1005C4FEA1C479C
:101C20002CEA074C07FB06F40CFB06F504EB154603
:101C30004FEA961634BF00204FF000404FEAD137EC
:101C400006FB07FC4FEA1C4C0CFB0BF7D21B03FBFB
:101C50000CF761EB07010CFB0EF7B0EB074072EBE2
:101C600017420CFB08F734BFA2EB0742B2EB074266
:101C700061EB17414FEA0C444FEA910706FB07FC62
:101C80004FEA1C4C0CFB0BF7B0EBC74072EB573222
:101C900003FB0CF734BFA2EBC742B2EBC74261EBC8
:101CA00057310CFB0EF7B0EBC70072EB57720CFB11
:101CB00008F734BFA2EBC702B2EBC70261EB577162
:101CC000039F4FEA816141EA921104EBCC044FEA91
:101CD000D1374FEA826206FB07FC42EA90124FEAD4
:101CE00080604FEA1C4C0CFB0BF7D21B03FB0CF77C
:101CF00061EB07010CFB0EF7B0EB074072EB1742EC
:101D00000CFB08F734BFA2EB0742B2EB074261EBD2
:101D100017414FEA8C554FEA910704EB9C2406FBD0
:101D200007FC4FEA1C4C0CFB0BF7B0EBC74072EB07
:101D3000573203FB0CF734BFA2EBC742B2EBC742EA
:101D400061EB57310CFB0EF7B0EBC70072EB57722B
:101D50000CFB08F734BFA2EBC702B2EBC70261EB82
:101D6000577115EB4C254FEA816141EA92114FEA18
:101D700082624FEAD13742EA901206FB07FC44F137
:101D800000044FEA80604FEA1C4C0CFB0BF7D21B9F
:101D900003FB0CF761EB07010CFB0EF7B0EB074000
:101DA00072EB17420CFB08F734BFA2EB0742B2EB11
:101DB000074261EB174115EB1C154FEA813141EAEF
:101DC00092414FEA823242EA90424FEA80304FEA33
:101DD0000C7644F1000448EA03434EEA0B484FF006
:101DE000000EB2EB080C71EB030724BF62463946C4
:101DF0004EEB0E0E4FF0000B0018524149414BEBD9
:101E00000B0BB2EB080C71EB03077BF1000B24BF4B
:101E1000624639464EEB0E0E4FF0000B0018524151
:101E200049414BEB0B0BB2EB080C71EB03077BF159
:101E3000000B24BF624639464EEB0E0E51EA0207F4
:101E400018BF46F0010616EB0E7655F1000254F16C
:101E5000000103D5BDE88901BDE80088BDE889011E
:101E6000BDE80048B619524141EB0101A3F101035D
:101E7000704780807F7E7D7C7B7A797877767675F7
:101E80007473727171706F6E6E6D6C6C6B6A6A696F
:101E90006868676666656464636362616160605F09
:101EA0005F5E5E5D5D5C5C5B5B5A5A595958585782
:101EB00057565655555554545353525252515150EA
:101EC00050504F4F4F4E4E4D4D4D4C4C4C4B4B4B3D
:101ED0004A4A4A4949494848484747474746464683
:101EE00045454544444444434343434242424241BE
:101EF0004141000046EA0646A3F570534FEA1646F4
:101F000046EA42564FEAD22242EA415210B54FEA1F
:101F1000D121A3F1010300F02FF820F0004000F1DF
:101F2000020C00F0004701EB00501146BCF5006FB9
:101F300040EA070000D210BDBAF1000F0AD01CB56C
:101F400003B44FF004004FF004014FF000000FBC49
:101F5000BDE810404FF00001BBF1010FB9BF0448CC
:101F60004FF0FF310348002140EA070010BD00BFD9
:101F7000FFFFEF7F0000F07F002B9C4630D47700FE
:101F80002BD01CB54FEA370703B44FF010004FF0C9
:101F90001001BAF1000F06D0BCF1000FDCBF40F019
:101FA000080040F008014FF000000FBCBDE81040F1
:101FB0000BF1010BBBF1010F08BF5FEA170722BF4E
:101FC00012F1010211F101014FF0004143F1000350
:101FD00000F0004043EA00007047F9D35708D0E70B
:101FE00046EA064613F1400F4FEA16461FDD13F18D
:101FF000200FDFBF16430A46002120335B42BED0CC
:10200000C3F1200746EA064602FA07F74FEA1646EA
:1020100046EA0706C3F1200722FA03F201FA07F79E
:1020200021FA03F14FF0000342EA0702A7E746EA6C
:10203000020646EA06464FEA164646EA0106BCBFD5
:1020400046EA0646360C4FF000034FF000024FF010
:10205000000194E72DE9804C9A46934670B491E8CC
:10206000380007C831EA400C48BF34EA430C03D5B6
:10207000FFF7A3FDFFF780FFF0BCBDE8008C2DE962
:10208000804C9A46934670B491E8380007C831EA0C
:10209000400C48BF34EA430C03D5FFF78EFDFFF731
:1020A00029FFF0BCBDE8008C2DE9804C9A46934690
:1020B00070B491E8380007C810F0804F08BF13F0E3
:1020C000804F03D100F01AF8FFF756FFF0BCBDE8CF
:1020D000008C2DE9804C9A46934670B491E8380004
:1020E00007C810F0804F08BF13F0804F03D100F0F5
:1020F00005F8FFF7FFFEF0BCBDE8008C20F07F473D
:1021000080EA030023F07F4C07EB0C03A3F57C531C
:1021100000F00040A3F1FE0392F0000F00F0B38046
:1021200095F0000F00F077802DE901494FEA11404A
:102130004FEA144621EA004800FB06FC24EA064761
:1021400008FB06F607FB08F800FB07F718EB064844
:102150004CEB164C4FEA124B18EB07484FEA15466A
:102160004CEB174022EA0B4E0BFB06FC25EA064718
:102170000EFB06F607FB0EFE0BFB07F71EEB064EEB
:102180004CEB164C4FF000061EEB074E4CEB174B7A
:1021900018EB0B0840F1000018EB0E0B58EB000891
:1021A00040F100008F1A4FF000013CBFC943661B8D
:1021B00014BFB5EB040C00213CBFC943F61B4FEA2A
:1021C00017444EEA8E0E27EA04454FEA1C4704FBEB
:1021D00007622CEA074C05FB07F70CFB05F604FB2E
:1021E0000CFC16EB074642EB174216EB0C4642EB93
:1021F0001C421BEB060658EB0202414146EA9E06D2
:1022000001D5BDE80189B619524141EB0101A3F1A5
:102210000103BDE801894FEA14454FEA114724EA5A
:10222000054621EA074C05FB07F406FB07F70CFB04
:1022300006F105FB0CFC11EB074144EB17444FEA98
:10224000124711EB0C4144EB1C4422EA074C05FBFE
:1022500007F206FB07F70CFB06F605FB0CFC16EB7A
:10226000074642EB174216EB0C4642EB1C456A1838
:1022700054F1000148BF7047B619524141EB0101CA
:10228000A3F10103704795F0000F37D04FEA1142D8
:102290004FEA144721EA024624EA074C02FB07F101
:1022A00006FB07F70CFB06F402FB0CFC14EB0744DF
:1022B00041EB17414FEA154714EB0C4441EB1C412D
:1022C00025EA074C02FB07F506FB07F70CFB06F6B1
:1022D00002FB0CFC16EB074645EB174516EB0C46CC
:1022E00045EB1C42121951F1000148BF7047B61965
:1022F000524141EB0101A3F1010370474FEA14453C
:102300004FEA114724EA054621EA074C05FB07F18D
:1023100006FB07F70CFB06F24FF0000605FB0CFC72
:1023200012EB074241EB174112EB0C4251EB1C41FF
:1023300048BF7047921841EB0101A3F101037047B8
:1023400070B5044600688168C943C90717D1816820
:1023500021F00101816001F02FFC05460AE000BF79
:1023600001F02AFC401B022804D920688068C04381
:10237000C00706D020688068C043C007F0D00020A6
:1023800070BDA06A40F01000A062E06A40F0010059
:10239000E062012070BD0000F8B5002604460096FA
:1023A00000688168C943C9072DD0816841F00101E7
:1023B0008160164816490068B0FBF1F000E0401E4D
:1023C00000900028FBD101F0F7FB054616E000BFA6
:1023D00001F0F2FB401B022810D920688068C0433E
:1023E000C0070BD0A06A40F01000A062E06A40F085
:1023F0000100E06284F824600120F8BD2068806854
:10240000C043C007E4D10020F8BD00003C0000201C
:1024100040420F0070B5054610480C46006809F0B0
:1024200061FB294609F056FC0D4E054684F000403C
:10243000716809F083FB0B4909F022FA04460A4946
:10244000306809F01DFA294609F078FB214609F0A9
:1024500041FCBDE8704009F009BB00000800002005
:10246000F80100200000C8420000C8C2014800F086
:10247000B9BC000038020020FEE700002DE9F04161
:102480006C4C606801287DD16B486D4906686B48CB
:1024900005686C48006809F0F3F920616A4850212A
:1024A000006860616948FEF7EEF8684868A109684D
:1024B00001600A2100F5AC70FEF7E5F8DFF89481C1
:1024C000002740460A2140F8627F4760078108F1F3
:1024D0006C00FEF7D8F840460A2140F8767F476046
:1024E000078108F18000FEF7CEF808F1800040F87F
:1024F0000A7F47600781584FBE4243DCDFF85C81AA
:1025000046453FD8304609F01BF9024651480B4674
:1025100053A15830FDF7E2FEBD4233DC454531D8CA
:10252000284609F00DF902464A480B464CA1623094
:10253000FDF7D4FE4C492069884278D24B49884245
:1025400075DA09F0FDF8024642480B4644A16C30AA
:10255000FDF7C4FE46496069884268D24549884211
:1025600065DA09F0EDF802463A480B463CA17630B0
:10257000FDF7B4FE37480022134639A18030FDF73D
:10258000ADFE00E053E03C48006810F1FF4F4ED232
:102590003A4988424BDA09F0D3F802462D480B46F7
:1025A0002FA18A30FDF79AFE2A4928485831FDF7B5
:1025B000DFFF33A12548FDF7DBFF264923486231C1
:1025C000FDF7D6FF2FA12148FDF7D2FF21491F4873
:1025D0006C31FDF7CDFF2CA11C48FDF7C9FF1D494B
:1025E0001A487631FDF7C4FF28A11848FDF7C0FF4F
:1025F000184916488031FDF7BBFF26A11348FDF7A7
:10260000B7FF144911488A31FDF7B2FF22A10F48E4
:10261000FDF7AEFF0D4850215030FEF734F8BDE80D
:10262000F0410A49502201F15000FDF7F2BFBDE828
:10263000F08100009C000020F0000020F400002049
:102640000000C8422400002010000020D003002019
:10265000244C5600D004002000007A4400007AC4C4
:1026600025332E32660000000000FAC40000FA4450
:1026700000401CC600401C46EC0000200000A041A9
:102680002C5256002C4143002C4759002C435342F6
:10269000000000002C565400230000002DE9F041FA
:1026A0000D4C0A4607460B4E1046216809F046FAC3
:1026B000216B09F071F80146084809F03FFA054618
:1026C0003146384609F03AFA294609F065F82063A0
:1026D000BDE8F0810AD7A33C2401002048E17A3FFD
:1026E0002DE9F0410D4C0A4607460B4E1046216875
:1026F00009F024FA216E09F04FF80146084809F064
:102700001DFA05463146384609F018FA294609F0FF
:1027100043F82066BDE8F0810AD7A33C24010020DD
:1027200048E17A3F38B5002000906B4601227521C0
:10273000682007F0D5F931A0FDF7C4FD9DF8000031
:1027400068280CD0BFF34F8F35480168354A01F433
:10275000E06111430160BFF34F8F00BFFDE707F059
:1027600095FB002849D1782008F04EF810B923A035
:10277000FDF7A8FD782007F0BBFA10B92AA0FDF7F5
:10278000A1FDC82008F000F810B931A0FDF79AFDAE
:1027900006F0D0FB10B938A0FDF794FD434804467D
:1027A00007F010FA0546E01C07F00CFA45EAC005F0
:1027B000A01D07F007FA45EA801080B206F06AFD16
:1027C00010B93BA0FDF77EFD40F2731006F08AFAC7
:1027D00010B941A0FDF776FDC82006F0C3FC10B982
:1027E00047A0FDF76FFD08F009F9012007F0F2FEA0
:1027F000002802D14BA0FDF765FD38BD6D70755FF7
:102800007365745F73656E736F7220636F6D706C48
:10281000657465202E2E2E2E2E2E0D0A000000002F
:102820000CED00E00400FA056D70755F636F6E6675
:1028300069677572655F6669666F20636F6D706C3E
:10284000657465202E2E2E2E2E2E0D0A00000000FF
:102850006D70755F7365745F73616D706C655F72C9
:1028600061746520636F6D706C657465202E2E2E0B
:102870002E2E2E0D0A000000646D705F6C6F616477
:102880005F6D6F74696F6E5F6472697665725F66A3
:1028900069726D7761726520636F6D706C657465C8
:1028A000202E2E2E2E2E2E0D0A0000007400002049
:1028B000646D705F7365745F6F7269656E74617467
:1028C000696F6E20636F6D706C657465202E2E2E9F
:1028D0002E2E2E0D0A000000646D705F656E616221
:1028E0006C655F6665617475726520636F6D706C91
:1028F000657465202E2E2E2E2E2E0D0A000000004F
:10290000646D705F7365745F6669666F5F72617432
:102910006520636F6D706C657465202E2E2E2E2ED3
:102920002E0D0A006D70755F7365745F646D705F66
:10293000737461746520636F6D706C657465202EAF
:102940002E2E2E2E2E0D0A0070474FF4805000F0D0
:102950002BBF00000349002008600421024802F058
:1029600021BD00002404004068020020034900202B
:1029700008600421024802F015BD00002408004050
:10298000B002002072B6FEE72DE9F04F8DB004468C
:1029900004F09AFEBC49DFF8F4B2BD4F0860012C88
:1029A0007ED04421D02003F0DAF904464321D02020
:1029B00003F0D5F904EB002009F0ACF806464621F7
:1029C000D02003F0CCF904464521D02003F0C7F90C
:1029D00004EB002009F09EF882464821D02003F045
:1029E000BEF904464721D02003F0B9F904EB0020DA
:1029F00009F090F805463C21D02003F0B0F90446D8
:102A00003B21D02003F0ABF904EB002009F082F861
:102A100081463E21D02003F0A2F904463D21D0207A
:102A200003F09DF904EB002009F074F88046402182
:102A3000D02003F094F904463F21D02003F08FF911
:102A400004EB002009F066F80446B6F18E4F05DD70
:102A50004FF08F41304609F03DF906465046BAF135
:102A60008E4F04DD4FF08F4109F034F98246B5F105
:102A70008E4F05DD4FF08F41284609F02BF90546B2
:102A80004846B9F18E4F04DD4FF08F4109F022F92D
:102A900081464046B8F18E4F06DD4FF08F4100E091
:102AA00060E009F017F98046B4F18E4F05DD4FF074
:102AB0008F41204609F00EF9044686F00041484651
:102AC000CBF8001008F03CFEDFF8C891DFF8C8B181
:102AD0004A465B46CDE9090108F03AF908F04AF8A0
:102AE0000C90404608F02CFE4A465B46CDE90701B3
:102AF00008F02EF908F03EF80B90204608F020FE72
:102B00004A465B46CDE9010108F022F908F032F8A7
:102B10000090304608F014FEDFF880914FF06636E2
:102B200032464B46CDE9050108F012F908F022F8CB
:102B30008046504608F004FE32464B46CDE903017C
:102B400008F006F908F016F806465548DFF854A1D3
:102B5000DFF854B10078DFF8549102281ED0032822
:102B600043D089E004F0C6FC5148524C39680160FA
:102B7000B4F9000008F0B6FFCBF80000B4F9040087
:102B800008F0B0FF4C4908604C48B0F9040008F068
:102B9000A9FF4B4908600DB0BDE8F08F88F00042F6
:102BA00000990B9803F0A8FA08F0CAFD52465B465C
:102BB00008F0CEF800224B4608F0B2FA07F0DAFF30
:102BC0003860324600990C9803F0C2FB08F0B8FD5B
:102BD00052465B4608F0BCF800224B4608F0A0FACB
:102BE00007F0C8FF3749086046E0DDE901210B46E0
:102BF000DDE9070105F0A8FE00224B4608F090FA37
:102C000052465B4608F0A4F807F0B4FFDDE9012165
:102C100080460B46DDE9090105F096FE00224B4691
:102C200008F07EFA52465B4608F092F807F0A2FFE1
:102C30000646DFF894A0DDE905014FF066394A4603
:102C4000534608F085F807F095FF01464046FFF728
:102C500025FD80F000403860DDE903014A46534617
:102C600008F076F807F086FF01463046FFF738FD9A
:102C700080F00041134801600D48396801600E483A
:102C800005600F48046086E7200000201000002047
:102C9000600000208FC2F5285C1F9A40665E8D4060
:102CA00000000020F1D4C853FB2109400080664099
:102CB0000C00002068000020140000206E0000209E
:102CC000240000205C0000206666304010B500F053
:102CD00007F8BDE81040014908F030BFC3F5804057
:102CE00010B5094800F068FC3221074800F098FB55
:102CF000054800F021FA80B208F00CFFBDE8104052
:102D0000024908F01BBF0000380200203333533A59
:102D10002DE9F35F08F0B0F92A4D00222B4608F0A8
:102D2000FFF96FF00106324609F080F8264F0022C5
:102D30003B4608F00DF8DFF894B000225B4608F03F
:102D400007F807F017FF08F0FBFCDFF88480DFF8D6
:102D5000849042464B4608F0E3F900221E4B08F0EF
:102D6000DFF9DFF878A00022534607F0F1FF07F003
:102D700001FF1B4C2060019808F07EF900222B46D1
:102D800008F0CEF9324609F051F800223B4607F030
:102D9000DFFF00225B4607F0DBFF07F0EBFE08F0E9
:102DA000CFFC42464B4608F0BBF900220A4B08F024
:102DB000B7F90022534607F0CBFF07F0DBFE606057
:102DC000BDE8FC9F0000694000003E400000264036
:102DD000F1D4C853FB21094000C0504000002440FA
:102DE000F0000020F8B50025044600950068394938
:102DF000884209D03849884206D03849884203D0F1
:102E00007E2137A005F08EFC94F8240001280BD019
:102E1000012084F824002046FFF792FA2046FFF7AD
:102E2000BBFA060002D050E00220F8BDA06A20F4F0
:102E3000885040F00200A062022001F007F83549F6
:102E40000968B1FBF0F0400000E0401E009000284F
:102E5000FBD12068816841F00801816000F0ACFE80
:102E6000074608E000F0A8FEC01B0A2803D9206826
:102E70008068000715D4206880680007F2D42068B5
:102E8000816841F00401816000F096FE074612E07F
:102E900000F092FEC01B0A280DD920688068400708
:102EA00009D5A06A20F0020040F01000A06284F86A
:102EB00024500120F8BD206880684007E8D4A06A4B
:102EC00020F0020040F00100A06284F82450304657
:102ED000F8BD00000024014000280140003C0140F2
:102EE0002E2E2F53544D3332463178785F48414C63
:102EF0005F4472697665722F5372632F73746D33FA
:102F000032663178785F68616C5F6164635F6578B1
:102F10002E6300003C0000202DE9F8430026054602
:102F200000960068734F0C46B046B8420AD072490A
:102F3000884207D07149884204D040F2D67170A00F
:102F400005F0F0FB206830B3012824D0022822D0FD
:102F5000032820D004281ED005281CD006281AD00B
:102F6000072818D0082816D0092814D00A2812D00B
:102F70000B2810D00C280ED00D280CD00E280AD00B
:102F80000F2808D0102806D0112804D040F2D7719D
:102F90005BA005F0C7FB6068012822D0022820D082
:102FA00003281ED004281CD005281AD0062818D0C3
:102FB000072816D0082814D0092812D00A2810D0C3
:102FC0000B280ED00C280CD00D280AD00E2808D0C3
:102FD0000F2806D0102804D04FF4FB6148A005F05C
:102FE000A1FBA06890B1012810D002280ED00328C0
:102FF0000CD004280AD0052808D0062806D00728B7
:1030000004D040F2D9713EA005F08CFB95F8240065
:10301000012812D0012085F8240060681F210728AC
:103020000ED22B685A6B401E00EB800081408A4311
:10303000216881400A435A631AE00220BDE8F88300
:103040002A680D280AD2136BC01F00EB8000814054
:103050008B43216881400B43136309E0D36A0D3829
:1030600000EB800081408B43216881400B43D36299
:10307000206807212A680A280AD3D3680A3800EB97
:10308000400081408B43A16881400B43D36008E03E
:10309000136900EB400081408B43A16881400B43E2
:1030A00013612068102801D011281FD12868B84268
:1030B00017D18168090219D4816841F40001816047
:1030C0002068102812D11A481A490068B0FBF1F0A4
:1030D00000EB8000400000E0401E00900028FBD183
:1030E00004E0A86A40F02000A862012685F8248048
:1030F0003046A3E70024014000280140003C014085
:103100002E2E2F53544D3332463178785F48414C40
:103110005F4472697665722F5372632F73746D33D7
:1031200032663178785F68616C5F6164632E63003A
:103130003C00002040420F0010B5044600680849DA
:1031400088420AD00749884207D00749884204D0FC
:1031500040F2E56105A005F0E5FA2068C06C10BDFD
:103160000024014000280140003C01402E2E2F5336
:10317000544D3332463178785F48414C5F44726930
:103180007665722F5372632F73746D3332663178A4
:10319000785F68616C5F6164632E63002DE9F047BE
:1031A00004004FF000057CD075492068754E8842B8
:1031B00009D07549884206D0B04204D040F2A91126
:1031C00072A005F0AFFA606838B1B0F5006F04D0B6
:1031D0004FF4D5716DA005F0A5FAA0684FF4807981
:1031E00030B1484504D040F2AB1168A005F09AFA1E
:1031F000207B30B1012804D04FF4D67163A005F0D4
:1032000091FAE0694FF400284FF4402AB8B1B0F5C4
:10321000003F14D0B0F5C02F11D040450FD0B0F50D
:10322000202F0CD050450AD0B0F5802F07D0B0F534
:10323000602F04D040F2AD1154A005F073FAA068DD
:1032400000281CD02069401E0F2804D940F2B1117B
:103250004EA005F067FA207D88B1012806D04FF412
:10326000D9714AA005F05EFA207D40B1A069401EE8
:10327000072804D940F2B51144A005F053FAA06A1A
:10328000002728B9E76284F82470204600F09CF8F3
:103290002046FFF755F8A16AC90600D430B1A06AEC
:1032A00000E06BE040F01000A06267E0A16A21F44A
:1032B000885141F00201A1622368E169B34202D161
:1032C000514500D14146267BCC4641EA4602616821
:1032D0000A43A168614509D0012907D05FF00001C8
:1032E00094F81480B8F1010F02D00AE04946F7E7DC
:1032F000C6B1A66A46F02006A662E66A46F0010656
:10330000E6625E6826F469460E435E60236899684B
:103310002A4E314011439960A16861450BD00129C3
:1033200009D00CE0DFF89880A66908EB46360E431A
:1033300046F40061E5E7218A0D05A5F580152168B1
:10334000CB6A23F470032B43CB62216889681D4B41
:103350001940914208D1E762A16A21F0020141F0CF
:103360000101A162BDE8F087A06A20F0020040F0F0
:103370001000A062E06A40F00100E0620120F1E785
:1033800000240140003C0140002801402E2E2F5314
:10339000544D3332463178785F48414C5F4472690E
:1033A0007665722F5372632F73746D333266317882
:1033B000785F68616C5F6164632E6300FDF7E1FF15
:1033C00000E0FFFFFE0E1FFF00B585B00021009159
:1033D00001910291039100680E49884218D10E486C
:1033E000816941F400718161816901F40071049186
:1033F000816941F0040181618069694600F004003F
:1034000004902020009003200190044800F0D8F997
:1034100005B000BD0024014000100240000801403A
:103420002DE9F84300270D460446009700685049EF
:1034300088420AD04F49884207D04F49884204D079
:1034400040F2B3414DA005F06DF900F0B5FB8046A8
:1034500020688168C90508D5A06A40F02000A062F4
:1034600084F824700120BDE8F8834168C90503D4BD
:10347000C06A10F4700F2AD0022000F0E7FC4B491C
:103480000968B1FBF0F62068036949490B424FEA2D
:1034900061014FEAA1121FD1C3684FEA611C13EA10
:1034A0000C0F19D103690B4225D1C068104222D1FB
:1034B000142023E0681C0AD02DB100F07DFBA0EBA6
:1034C0000800A84203D920680068800725D5206835
:1034D00000688007EED52DE003690B4202D1C16878
:1034E000114206D0026933490A4206D1C068084237
:1034F00003D1542002E0292000E0FC20464300983C
:1035000016E0681C11D02DB100F056FBA0EB0800AE
:10351000A8420AD90098B04207D2A06A40F004003D
:10352000A06284F8247003209DE70098401C00905E
:10353000B042E6D321686FF012000860A06A40F440
:103540000070A06220688068C0F3424007280CD158
:10355000207B50B9A06A20F48070A062A06AC004E9
:1035600003D4A06A40F00100A06200207BE70000C5
:103570000024014000280140003C01402E2E2F5322
:10358000544D3332463178785F48414C5F4472691C
:103590007665722F5372632F73746D333266317890
:1035A000785F68616C5F6164632E63003C0000209B
:1035B000244992244992240070B504460068344995
:1035C000344D884209D0A84207D03349884204D0FC
:1035D00040F2114131A005F0A5F894F8240001282B
:1035E0000DD0012084F824002046FEF7D5FE02000D
:1035F0004FF0000005D084F82400104670BD022072
:1036000070BDA16A40F20123994341F48071A16227
:103610001F492368091DAB4218D10E6816F4702F9C
:1036200014D0A66A46F48016A6620E68760505D503
:10363000A66A26F4005646F48056A662A66AF604E8
:103640000AD5E66A26F00606E66206E0A66A26F4D1
:103650008016A6625E68E9E7E06284F824006FF0F5
:103660000200186020688368C3F34243072B05D12A
:10367000A84208D1096811F4702F04D0816841F480
:1036800080118160B9E7816841F4A001F9E7000089
:103690000024014000280140003C01402E2E2F5301
:1036A000544D3332463178785F48414C5F447269FB
:1036B0007665722F5372632F73746D33326631786F
:1036C000785F68616C5F6164632E630070B5044667
:1036D00000F072FA0546601C02D0044800780444E9
:1036E00000F06AFA401BA042FAD370BD30000020FF
:1036F0002DE9F047B0F5805F44D123480078FFF70B
:1037000043F9002003F0CEFF0546012003F0CAFF75
:10371000444221462846FFF7FBFA1C481C4F01682B
:103720003868FEF777FE06462146284604F0DCFCA2
:1037300005461848006804F093FB044635442819F0
:1037400003F0FBFBDFF8508040F62829424649464B
:1037500003F0FCFB114E3060281B03F0EEFB4246E9
:10376000494603F0F3FB0E4C20600E4801683868B0
:1037700004F052FB002805D121683068BDE8F0470D
:1037800004F03AB8BDE8F0870000002010000020E7
:103790000C00002014000020D8F5FFFF18000020C6
:1037A0001C000020EC000020044910B50A68024209
:1037B00002D00860FFF79CFF10BD00001404014018
:1037C0002DE9F84F0027DFF8BCA2DFF8BCB20D46A8
:1037D0000446B946504514D05C4512D0AB488442EB
:1037E0000FD0AB4884420CD0AA48844209D0AA48E2
:1037F000844206D0A948844203D0BD21A8A004F089
:1038000091FF28680104090C01D0000C03D0BE21EF
:10381000A3A004F087FF686800281FD00128FCD00F
:103820001128FAD00228F8D01228F6D0A9498842E7
:10383000F3D0A9498842F0D0A8498842EDD0A849E0
:103840008842EAD0A7498842E7D0A7498842E4D015
:103850000328E2D0BF2192A004F064FF0BE1012015
:1038600000FA07F801EA0806464574D1544514D019
:103870005C4512D0854884420FD0854884420CD0E4
:103880008448844209D08448844206D083488442D4
:1038900003D0CD2182A004F045FF8E4869680A1A42
:1038A000814259D00EDC032975D006DC002953D0A3
:1038B000012919D0022969D131E0112921D0122919
:1038C00064D13AE0B2F5881F46D006DCB2F5803FFD
:1038D00042D0B2F5801F59D13EE0B2F5001F3BD077
:1038E000B2F5041F52D137E0E868022807D001285A
:1038F00005D0032803D0D52169A004F013FFE868A0
:103900003EE0E868022807D0012805D0032803D04C
:10391000DC2163A004F006FFE868001D30E0E868E1
:10392000022807D0012805D0032803D0E3215CA09A
:1039300004F0F8FEE868083022E0E868022807D0C2
:10394000012805D0032803D0EA2155A004F0EAFE9F
:10395000E8680C3014E08DE0A86880B1012811D02F
:10396000022807D0F7214EA004F0DCFEA86830B191
:10397000012807D04FF00809C4F8148006E004209D
:10398000814603E04FF00809C4F81080FF2E05D8E7
:10399000224605E0FFE74FF00000F1E704F10402E2
:1039A0004FEA870001D9A0F1200013684FF00F0102
:1039B00001FA00FC23EA0C0309FA00FC43EA0C03B9
:1039C00013606868C00055D54848826942F001021A
:1039D0008261806927F0030200F0010000904448F2
:1039E00013189868BA07120F91408843544501D1C3
:1039F000002118E05C4501D1012114E023498C42EB
:103A000001D102210FE022498C4201D103210AE0B9
:103A100020498C4201D1042105E01F498C4201D18B
:103A2000052100E006219140014399606868C002C9
:103A30003048016801D5314300E0B1430160686856
:103A400080022D48016801D5314300E0B143016097
:103A5000686880032948016801D5314300E0B1431B
:103A600001606868C0032648016801D5314300E061
:103A7000B14301607F1C2E683146FE407FF4EFAEFB
:103A8000BDE8F88F00080140000C01400010014023
:103A90000014014000180140001C014000200140BA
:103AA0002E2E2F53544D3332463178785F48414C97
:103AB0005F4472697665722F5372632F73746D332E
:103AC00032663178785F68616C5F6770696F2E630A
:103AD0000000000000001110000021100000311053
:103AE00000001210000022100000321000100240EE
:103AF00000000140080401400C040140040401409E
:103B00000004014070B50C00054604D14FF4DA7191
:103B100003A004F007FEA868204000D0012070BD7B
:103B20002E2E2F53544D3332463178785F48414C16
:103B30005F4472697665722F5372632F73746D33AD
:103B400032663178785F68616C5F6770696F2E6389
:103B50000000000070B515460C00064604D14FF475
:103B6000EA7108A004F0DEFD45B1012D04D040F259
:103B7000D51104A004F0D6FD346170BD200430617D
:103B800070BD00002E2E2F53544D333246317878BD
:103B90005F48414C5F4472697665722F5372632FA0
:103BA00073746D3332663178785F68616C5F67700B
:103BB000696F2E63000000000148806870470000B4
:103BC000300000200248816802781144816070470B
:103BD00030000020074810B5016841F01001016075
:103BE000032000F0F7F8002000F006F800F024F8B9
:103BF000002010BD0020024070B50D4D04464FF46A
:103C00007A712878B1FBF0F00A490968B1FBF0F04D
:103C100000F009FE48B9102C07D200222146501EA0
:103C200000F08CF800206C6070BD012070BD0000B9
:103C3000300000203C0000200E4808B5816941F0AA
:103C400001018161816901F001010091C16941F0C7
:103C50008051C161C06900F080500090052000F0E3
:103C6000B9F80548416821F0E06141F00071416018
:103C700008BD0000001002400000014010B5040023
:103C800003D5CD2109A004F04DFD002C0DDB04F07F
:103C90001F01012088406109890001F1E021C1F87C
:103CA0008001BFF34F8FBFF36F8F10BD2E2E2F53A8
:103CB000544D3332463178785F48414C5F447269E5
:103CC0007665722F5372632F73746D333266317859
:103CD000785F68616C5F636F727465782E63000053
:103CE00010B5040003D5BD2107A004F01BFD002C76
:103CF00009DB04F01F01012088406109890001F1FE
:103D0000E021C1F8000110BD2E2E2F53544D333247
:103D1000463178785F48414C5F4472697665722F0E
:103D20005372632F73746D3332663178785F6861D4
:103D30006C5F636F727465782E63000070B5154612
:103D40000C460646102A03D3A92114A004F0EAFC6D
:103D5000102C03D3AA2111A004F0E4FC1C48006835
:103D6000C0F30223C3F107022046042A00D904222B
:103D7000191D072901D2002300E0DB1E012404FAEB
:103D800002F1491E014099409C40641E2C40214391
:103D90003046BDE8704004F03BBA00002E2E2F5391
:103DA000544D3332463178785F48414C5F447269F4
:103DB0007665722F5372632F73746D333266317868
:103DC000785F68616C5F636F727465782E63000062
:103DD0000CED00E010B5044607280BD0062C09D0E6
:103DE000052C07D0042C05D0032C03D0912108A06A
:103DF00004F098FC134904F0070208684FF6FF032B
:103E0000184040EA0220104A1043086010BD00002C
:103E10002E2E2F53544D3332463178785F48414C23
:103E20005F4472697665722F5372632F73746D33BA
:103E300032663178785F68616C5F636F7274657841
:103E40002E6300000CED00E00000FA0570B5064698
:103E50000025C0070CD1B0070AD4700708D430077A
:103E600006D4F00604D44FF4CA712AA004F05AFC18
:103E7000354C042E27D004DC012E28D0022E3ED152
:103E80003FE0082E1FD0102E39D160682168C9018B
:103E900035D52E49C0F38342C0038D5C09D56068D7
:103EA000891EC0F34040085C2949B1FBF0F045434E
:103EB00001E0284845436068400220D4680003219F
:103EC000B0FBF1F51BE000F043FA054617E0216A6C
:103ED000C1F30120012803D1890701D5C5030EE0F4
:103EE000022805D1616A890702D549F6404506E0F6
:103EF000032804D12068800301D54FF224452846C9
:103F000070BD00F015FA6168C1F38131491C4900A8
:103F1000D6E700002E2E2F53544D33324631787899
:103F20005F48414C5F4472697665722F5372632F0C
:103F300073746D3332663178785F68616C5F726379
:103F4000635F65782E6300000010024024BF000804
:103F500000127A0000093D002DE9F843044600688C
:103F6000524DC1070ED1810773D441077ED401079A
:103F7000FCD4C0067BD46A214DA004F0D3FB20788A
:103F8000C00763D06068002660B1B0F5807F09D0BB
:103F9000B0F5007F06D0B0F5407F03D0722144A079
:103FA00004F0C0FBE869C00008D4E86940F0805024
:103FB000E861E869012600F08050009049480168F6
:103FC000C90512D40168804641F480710160FFF791
:103FD000F3FD074605E000BFFFF7EEFDC01B6428B8
:103FE00023D8D8F80000C005F6D5286A10F4407030
:103FF00021D0A18801F4407181421CD0286A3A493D
:10400000012220F440700A6000220A602862C00782
:1040100011D0FFF7D1FD074641F2883808E000BF14
:10402000FFF7CAFDC11B414502D90320BDE8F88353
:10403000286A8007F4D5286A616820F44070084334
:1040400028621EB1E86920F08050E861207880077E
:1040500017D5A06878B1B0F5804F0CD0B0F5004FFF
:1040600009D0B0F5404F06D0B72101E009E00BE0E0
:104070000FA004F057FB6868A16820F44040084393
:1040800068602078C0060FD56069B0F5800F05D054
:1040900020B140F2131106A004F044FB6868616986
:1040A00020F48000084368600020BFE70010024051
:1040B0002E2E2F53544D3332463178785F48414C81
:1040C0005F4472697665722F5372632F73746D3318
:1040D00032663178785F68616C5F7263635F6578C0
:1040E0002E63000000700040400442422DE9F0477A
:1040F0000F46050078D02868C1070AD1810708D487
:10410000410706D4000704D440F236316FA004F012
:1041100009FB47B1012F06D0022F04D040F23731FE
:104120006AA004F0FFFA754E306800F00700B8424C
:1041300009D2306820F0070038433060306800F062
:104140000700B84277D128686D4C810729D5400710
:1041500003D5606840F4E06060602878000703D50C
:10416000606840F460506060A868A0B1802812D0F8
:10417000902810D0A0280ED0B0280CD0C0280AD08B
:10418000D02808D0E02806D0F02804D040F25D31D5
:104190004EA004F0C7FA6068A96820F0F000084358
:1041A00060602878C00737D0686868B101281CD0E3
:1041B00002281DD04FF4597144A004F0B3FA686886
:1041C000012812D0022813D020688007002832DA94
:1041D0006068696820F0030008436060FFF7ECFC4A
:1041E000804641F2883910E025E020688003EDE741
:1041F00020688001EAE700BFFFF7DEFCA0EB0801C2
:10420000494502D90320BDE8F0876068696800F07D
:104210000C00B0EB810FEFD1306800F00700B8421E
:104220000BD9306820F0070038433060306800F068
:104230000700B84201D00120E5E728784FF48066F6
:1042400040074FF4A0674FF4C0684FF4E06914D5FD
:10425000E86860B1B0420AD0B84208D0404506D004
:10426000484504D040F2A23118A004F05BFA60681F
:10427000E96820F4E060084360602878000715D5FD
:10428000286960B1B0420AD0B84208D0404506D093
:10429000484504D040F2A9310CA004F043FA60680C
:1042A000296920F4605040EAC100606000F050F8D5
:1042B0006168144AC1F30311515CC8401249086097
:1042C00012480068FFF798FC00209CE72E2E2F5321
:1042D000544D3332463178785F48414C5F447269BF
:1042E0007665722F5372632F73746D333266317833
:1042F000785F68616C5F7263632E63000020024028
:104300000010024034BF00083C00002034000020B0
:104310000448054900684968044AC1F30221515C18
:10432000C84070473C0000200010024044BF000815
:104330000448054900684968044AC1F3C221515C38
:10434000C84070473C0000200010024044BF0008F5
:104350000E4A51680E4801F00C03042B11D0082BB3
:104360000FD10C48C1F38343C903C05C0AD551681F
:10437000084AC1F34041921E515C054A5043B0FBCC
:10438000F1F07047044948437047000000100240B4
:1043900000127A0012BF000800093D002DE9F84F15
:1043A00004007DD0FB4EFC4D20684FF0010A4FF019
:1043B00000084FF4803960B1C1070DD1810762D484
:1043C00001076ED440076DD440F26511F3A004F0EC
:1043D000A9F92078C00753D060684FF4A02740B1F6
:1043E000484506D0B84204D040F26B11EBA004F06F
:1043F00099F96868C0F38100012807D06868C0F3A4
:104400008100022809D16868C00306D528688003A6
:1044100036D560680028C4D032E06068484503D1D2
:10442000286840F4803009E008B1B8420DD028680F
:1044300020F480302860286820F48020286060689C
:1044400088B1FFF7B9FB074609E0286840F48020EF
:104450002860E5E7FFF7B0FBC01B642877D8286821
:104460008003F7D50CE0FFF7A7FB074605E000BF88
:10447000FFF7A2FBC01B6428F0D828688003F7D49C
:10448000207880074ED5206930B1012804D040F251
:104490009F11C2A004F046F960691F2808D902E004
:1044A00096E042E07BE04FF4D071BCA004F03AF912
:1044B000686810F00C0F07D06868C0F3810002280C
:1044C00009D16868C00306D42868800714D520691C
:1044D00001287DD110E02069B0B1C6F800A0FFF737
:1044E0006BFB074605E000BFFFF766FBC01B022819
:1044F000B4D828688007F7D52868616920F0F800EB
:1045000040EAC10028600DE0C6F80080FFF754FBC8
:10451000074604E0FFF750FBC01B02289ED828681E
:104520008007F7D42078000736D5A84FA06920B3BC
:10453000012806D04FF4F07198A004F0F3F8A069B8
:10454000D8B1C7F800A0FFF737FB074605E00AE13E
:10455000FFF732FBC01B02288ED8686A8007F7D5A8
:104560009B484FF4FA510068B0FBF1F0009000BF97
:104570000098411E0091FAD20EE0C7F80080FFF7C4
:104580001BFB074605E000BFFFF716FBC01B022818
:10459000AED8686A8007F7D4207840076ED5E06807
:1045A000002740B1012806D0052804D040F20F2191
:1045B0007AA004F0B7F8E869C00008D4E86940F0D0
:1045C0008050E861E869012700F08050009000E029
:1045D00025E180480168C90512D4016841F4807161
:1045E0000160FFF7E9FA834606E000BFFFF7E4FA4F
:1045F000A0EB0B00642891D876480068C005F5D57B
:10460000E06801280AD008B1052811D0286A20F0F6
:1046100001002862286A20F0040002E0286A40F0C5
:1046200001002862E068A8B1FFF7C6FA83460DE0F2
:10463000286A40F004002862F0E700BFFFF7BCFAE8
:10464000A0EB0B0141F28830814285D8286A8007AF
:10465000F4D50EE0FFF7B0FA834607E0FFF7ACFAB7
:10466000A0EB0B0141F2883081427CD8286A800798
:10467000F4D41FB1E86920F08050E861E0690028B7
:1046800072D0012809D0022807D040F2AD2143A002
:1046900004F048F8E069002866D06868C0F381003B
:1046A0000228E06974D0022805D0C6F86080FFF7C0
:1046B00083FA0446A2E0206A30B1484504D040F2B3
:1046C000B62136A004F02EF8606A70B3B0F5802FE2
:1046D0002BD0B0F5002F28D0B0F5402F25D0B0F565
:1046E000801F22D0B0F5A01F1FD0B0F5C01F1CD076
:1046F000B0F5E01F19D0B0F5001F16D0B0F5101FAF
:1047000013D0B0F5201F10D0B0F5301F0DD0B0F58C
:10471000401F0AD0B0F5501F07D0B0F5601F04D07D
:1047200040F2B7211DA003F0FDFFC6F86080FFF73F
:1047300043FA074605E000BFFFF73EFAC01B022818
:1047400059D828688001F7D4206A484512D1A0685A
:1047500038B1B0F5003F04D040F2CD210FA003F0F6
:10476000E1FF686801E046E05BE0A16820F400300A
:1047700008436860D4E908010843696821F47411AA
:1047800008436860C6F860A0FFF716FA044628E000
:1047900038E0000000004242001002402E2E2F534D
:1047A000544D3332463178785F48414C5F447269EA
:1047B0007665722F5372632F73746D33326631785E
:1047C000785F68616C5F7263632E630080044242AD
:1047D0003C00002000700040FFF7EEF9001B0228AB
:1047E00009D828688001F7D51BE000BFFFF7E4F97E
:1047F000001B022802D90320BDE8F88F2868800139
:10480000F4D40EE00128F7D06868226A00F4803101
:10481000914204D1616A00F47010884201D00120F5
:10482000EAE70020E8E710B5401EB0F1807F01D331
:10483000012010BD4FF0E02460610F21601703F0EC
:10484000E7FC0020A06107202061002010BD704718
:104850007047000070B50C46054600683E49884226
:1048600007D03E49884204D040F2F1713CA003F0E9
:1048700059FF2068B0F5006F05D020B140F2F27109
:1048800037A003F04FFF6068B0F5806F05D020B10E
:1048900040F2F37132A003F045FFA06868B1B0F5B3
:1048A000807F0AD0B0F5007F07D0B0F5407F04D0FC
:1048B00040F2F4712AA003F035FFE068FF2804D924
:1048C00040F2F57126A003F02DFF2069B0F5805F5E
:1048D00005D020B140F2F67121A003F023FF6069FA
:1048E00038B1B0F5005F04D040F2F7711CA003F0BE
:1048F00019FFE069B0F5804F05D020B14FF4FF619A
:1049000017A003F00FFF95F83C00012822D00120EA
:1049100085F83C00E068A26820F4407010436268AB
:1049200020F480601043226820F400601043226964
:1049300020F480501043626920F400501043E26973
:10494000002120F4804010432A68506485F83C1010
:10495000002070BD022070BD002C014000340140D9
:104960002E2E2F53544D3332463178785F48414CC8
:104970005F4472697665722F5372632F73746D335F
:1049800032663178785F68616C5F74696D5F6578F5
:104990002E6300002DE9F05F04460068364E374F65
:1049A000DFF8DC80DFF8DC90DFF8DCA00D464FF0AC
:1049B000804BB04214D0B84212D0584510D0404578
:1049C0000ED048450CD050450AD03049884207D017
:1049D0002F49884204D040F2B4712EA003F0A2FE09
:1049E000286890B1102810D020280ED030280CD084
:1049F00040280AD0502808D0602806D0702804D05B
:104A000040F2B57123A003F08DFE6868802805D0C0
:104A100020B140F2B6711FA003F084FE94F83C0070
:104A2000012827D0012284F83C20022084F83D0090
:104A3000216848688B6820F0700C286840EA0C00F8
:104A400048602068B04209D0B84207D0584505D028
:104A5000404503D0484501D0504504D1696823F052
:104A600080031943816084F83D20002084F83C00D5
:104A7000BDE8F09F0220FBE7002C0140003401401C
:104A80000004004000080040000C004000100040FE
:104A9000001400402E2E2F53544D33324631787877
:104AA0005F48414C5F4472697665722F5372632F81
:104AB00073746D3332663178785F68616C5F7469E6
:104AC0006D5F65782E63000010B5040051D03C493D
:104AD0002068884219D03B49884216D0B0F1804FF7
:104AE00013D03949884210D0384988420DD038490E
:104AF00088420AD03749884207D03749884204D0D3
:104B000040F2131135A003F00DFEA06860B110282B
:104B10000AD0202808D0402806D0602804D04FF4BE
:104B20008A712EA003F0FEFD206950B1B0F5807FA0
:104B300007D0B0F5007F04D040F2151127A003F094
:104B4000F1FDE0684FF6FE71401E884204D94FF433
:104B50008B7122A003F0E6FDA06930B1802804D05B
:104B600040F217111DA003F0DDFD94F83D0010B1D7
:104B700007E0012010BD002084F83C00204600F032
:104B800045F8022084F83D00211D206802F0D0FE87
:104B9000012084F8460084F83E0084F83F0084F841
:104BA000400084F8410084F8420084F8430084F80F
:104BB000440084F8450084F83D00002010BD00004A
:104BC000002C014000340140000400400008004077
:104BD000000C004000100040001400402E2E2F5307
:104BE000544D3332463178785F48414C5F447269A6
:104BF0007665722F5372632F73746D33326631781A
:104C0000785F68616C5F74696D2E630008B5114A46
:104C100001681148914211D1C16941F01001C1618F
:104C2000C069022200F01000009003213620FFF737
:104C300085F8BDE808403620FFF752B8074A914290
:104C400007D1816941F400518161806900F400500D
:104C5000009008BD001000400010024000340140E8
:104C60002DE9F04707460068234C244D244EDFF819
:104C70009480DFF894904FF0804AA04214D0A8426C
:104C800012D0504510D0B0420ED040450CD048450F
:104C90000AD01E49884207D01D49884204D04FF4EB
:104CA000E8711CA003F03EFD97F83D00012802D0FA
:104CB0000120BDE8F087022087F83D003868C16810
:104CC00041F00101C1603868A04209D0A84207D074
:104CD000504505D0B04203D0404501D0484504D1ED
:104CE000816801F00701062903D0016841F0010144
:104CF00001600020DDE70000002C0140003401408D
:104D00000004004000080040000C0040001000407B
:104D1000001400402E2E2F53544D333246317878F4
:104D20005F48414C5F4472697665722F5372632FFE
:104D300073746D3332663178785F68616C5F746963
:104D40006D2E63002DE9F05F054690F83C000C469F
:104D50004FF0000B01283ED0012085F83C000220D6
:104D600085F83D0020684FF480594FF4005A4845BB
:104D700015D0702813D0504511D040280FD050289E
:104D80000DD060280BD050B1102808D0202806D0B4
:104D9000302804D041F2BE41BDA003F0C3FC296815
:104DA000886820F0770020F47F4088602068C4493C
:104DB000C44AC54BC54EC64F4FF0804C4FF4004817
:104DC000502872D00FDC202804D007DC0028FBD04C
:104DD00010286BD13CE10220BDE8F09F3028F9D0CB
:104DE0004028F6D105E160287DD070285FD0484585
:104DF00042D05045EDD1286888420ED090420CD068
:104E000060450AD0984208D0B04206D0B84204D0DB
:104E100041F2E9419EA003F085FCA06858B14845E5
:104E200009D0504507D0B0F5405F04D041F2EC41C5
:104E300097A003F077FC6068404509D040B1022894
:104E400006D00A2804D041F2ED4191A003F06AFC9B
:104E5000E0680F2804D941F2EE418DA003F062FC16
:104E6000D4E90121E368286802F000FE286881681F
:104E700041F48041816002E128688842FBD0904281
:104E8000F9D06045F7D09842F5D0B042F3D0B8429F
:104E9000F1D090498842EED08F498842EBD041F260
:104EA000CA417BA003F03EFCE9E042E0E5E028686F
:104EB00088420ED090420CD060450AD0984208D06B
:104EC000B04206D0B84204D041F2D14170A003F004
:104ED00029FCA06868B148450BD0504509D0B0F511
:104EE000405F06D000E053E041F2D44168A003F0F7
:104EF00019FC6068404509D040B1022806D00A2854
:104F000004D041F2D54162A003F00CFCE0680F2808
:104F100004D941F2D6415EA003F004FCD4E901219A
:104F2000E368286802F0A2FD2868816841F07701F3
:104F3000A0E7286888420ED090420CD060450AD085
:104F4000984208D0B04206D0B84204D041F2FD41A8
:104F50004FA003F0E7FB6068404509D040B102284C
:104F600006D00A2804D04FF4A85149A003F0DAFB78
:104F7000E0680F2804D941F2015145A003F0D2FBAB
:104F8000E2686168286802F023FF502128682DE05C
:104F9000286888420ED090420CD060450AD09842D2
:104FA00008D0B04206D0B84204D041F20D5138A02A
:104FB00003F0B8FB6068404509D040B1022806D034
:104FC0000A2804D041F2105131A003F0ABFBE06895
:104FD0000F2804D941F211512DA003F0A3FBE26880
:104FE0006168286802F005FF6021286802F048FD2A
:104FF00045E0286888420ED090420CD060450AD027
:10500000984208D0B04206D0B84204D041F21D51B7
:105010001FA003F087FB6068404509D040B102281B
:1050200006D00A2804D04FF4A95119A003F07AFB46
:10503000E0680F2804D941F2215115A003F072FB5A
:10504000E2686168286802F0C3FE40212868CDE765
:10505000286888420ED090420CD060450AD0984211
:1050600008D0B04206D0B84204D041F2305108A076
:1050700003F058FB21682868B8E74FF0010B0120C6
:1050800085F83D00002085F83C005846A4E6000065
:105090002E2E2F53544D3332463178785F48414C91
:1050A0005F4472697665722F5372632F73746D3328
:1050B00032663178785F68616C5F74696D2E630069
:1050C000002C014000340140000400400008004072
:1050D000000C004000100040001400402DE9F04199
:1050E0000D4604007ED07B492068884213D07A495F
:1050F000884210D0B0F1804F0DD0784988420AD054
:105100007749884207D07749884204D040F6D831A1
:1051100075A003F007FBA06860B110280AD0202812
:1051200008D0402806D0602804D040F6D9316EA0BF
:1051300003F0F8FA206950B1B0F5807F07D0B0F5E0
:10514000007F04D040F6DA3167A003F0EBFAA069E3
:1051500030B1802804D040F6DB3163A003F0E2FADE
:105160002868012808D0022806D0032804D040F679
:10517000DC315DA003F0D6FAA868012808D0022827
:1051800006D0032804D040F6DD3157A003F0CAFA58
:10519000A869012808D0022806D0032804D040F6C8
:1051A000DE3151A003F0BEFA686830B1022804D0A5
:1051B00040F6DF314CA003F0B5FA686930B102283F
:1051C00004D04FF43E6148A003F0ACFAE86860B147
:1051D00004280AD0082808D00C2806D040F6E1316F
:1051E00041A000E02DE003F09DFAE86950B10428E9
:1051F00008D0082806D00C2804D040F6E2313AA0A6
:1052000003F090FA28690F2804D940F6E33136A05C
:1052100003F088FA286A0F2804D940F6E43132A056
:1052200003F080FAE0684FF6FE71401E884204D910
:1052300040F6E5312CA003F075FA94F83D0018B162
:1052400008E00120BDE8F081002084F83C00204601
:1052500000F062F8022084F83D002068816844F282
:10526000070291438160211D206802F061FB2168E3
:1052700088688A690E6A2B68AF69034340F203307D
:10528000824342EA0722A868EF6910434FF6FC42C6
:105290009043EA6840EA0720024328692F6A000128
:1052A00040EA073010436A686D6926F0220646EA34
:1052B00005152A438B602168886154F8460B026209
:1052C000012004F81F09E0752076E0762077A075AC
:1052D0000020B7E7002C01400034014000040040EA
:1052E00000080040000C00402E2E2F53544D333246
:1052F000463178785F48414C5F4472697665722F19
:105300005372632F73746D3332663178785F6861DE
:105310006C5F74696D2E630000B585B0002100914B
:105320000191029103911A4B02681A48C0219A42D6
:1053300013D1C26942F00202C261C26902F00202E4
:105340000492826942F0040282618069009100F057
:10535000040004906946104815E0104B9A4214D19D
:10536000C26942F00402C261C26902F004020492FE
:10537000826942F0080282618069009100F00800B1
:10538000049069460648FEF71BFA05B000BD000010
:1053900000040040001002400008014000080040E6
:1053A000000C01402DE9F04790F83E808946044604
:1053B00090F83F7090F8426090F8435000682D4993
:1053C000884213D02C49884210D0B0F1804F0DD0C4
:1053D0002A4988420AD02A49884207D02949884266
:1053E00004D040F6954128A003F09CF90220B9F1C1
:1053F000000F06D0B9F1040F10D0B8F1010F1CD185
:1054000015E0B8F1010F18D1012E16D184F83E0035
:1054100084F8420001220021206821E0012F0CD1F4
:10542000012D0AD184F83F0084F8430015E0012FD4
:1054300003D1012E01D1012D02D00120BDE8F0875A
:1054400084F83E0084F83F0084F8420084F843006A
:1054500001220021206802F0B1FA01220421206813
:1054600002F0ACFA2068016841F0010101600020FF
:10547000E4E70000002C014000340140000400403B
:1054800000080040000C00402E2E2F53544D3332A4
:10549000463178785F48414C5F4472697665722F77
:1054A0005372632F73746D3332663178785F68613D
:1054B0006C5F74696D2E6300704770B504460068B8
:1054C00001694FF00005C943890715D4C168C94374
:1054D000890711D4E91E01610120207720688069C5
:1054E0008007204602D0FFF7E7FF04E000F0BEF897
:1054F000204600F06CFA257720680169C943490706
:1055000017D4C168C943490713D46FF0040101617E
:10551000022020772068806910F4407F204602D066
:10552000FFF7CAFF04E000F0A1F8204600F04FFAB0
:10553000257720680169C943090716D4C168C943A2
:10554000090712D46FF00801016104202077206858
:10555000C0698007204602D0FFF7AEFF04E000F0EC
:1055600085F8204600F033FA257720680169C943A1
:10557000C90617D4C168C943C90613D46FF0100116
:105580000161082020772068C06910F4407F204620
:1055900002D0FFF791FF04E000F068F8204600F029
:1055A00016FA257720680169C943C90708D1C1687F
:1055B000C943C90704D1891E0161204600F0BAFA27
:1055C00020680169C943090609D4C168C9430906AD
:1055D00005D46FF0800101612046FFF738F920689B
:1055E0000169C943490609D4C168C943490605D4BC
:1055F0006FF040010161204600F0D6FA2068016991
:10560000C94389060BD4C168C943890607D46FF022
:10561000200101612046BDE87040FFF719B970BD57
:1056200000B585B0002100910191029103910068BD
:105630000B49884212D10B48816941F01001816108
:105640008069694600F0100004904FF4707000907B
:105650000220019003900448FEF7B2F805B000BDA7
:10566000003401400010024000100140704700006B
:105670002DE9F04716000D4604464FF000090CD006
:10568000042E0AD0082E08D00C2E06D03C2E04D0B2
:1056900041F27E016BA003F045F82868602806D02F
:1056A000702804D041F27F0166A003F03BF8A8689F
:1056B00030B1022804D04FF4845162A003F032F8D4
:1056C000286930B1042804D041F281015DA003F0C3
:1056D00029F894F83C00012818D001206549664A51
:1056E000664B674FDFF89CC184F83C004FF0804860
:1056F00076B1042E31D0082E56D00C2E7AD08146A9
:10570000002084F83C004846BDE8F0870220FBE713
:10571000206888420ED090420CD040450AD0984272
:1057200008D0B84206D0604504D041F28B0145A0B4
:1057300002F0F8FF2946206802F0AAF92068816982
:1057400041F0080181612068816921F004018161D3
:10575000206881692A69114324E0206888420ED0BC
:1057600090420CD040450AD0984208D0B84206D0AA
:10577000604504D041F29C0132A002F0D3FF2946DB
:10578000206802F0F3F92068816941F400618161C9
:105790002068816921F480618161206881692A69BA
:1057A00041EA02218161ABE7206888420ED0904235
:1057B0000CD040450AD0984208D0B84206D0604587
:1057C00004D041F2AD011FA002F0ACFF29462068D1
:1057D00002F03EFA2068C16941F00801C161206809
:1057E000C16921F00401C1612068C1692A691143BE
:1057F00025E0FFE7206888420ED090420CD040455B
:105800000AD0984208D0B84206D0604504D041F290
:10581000BE010CA002F086FF2946206802F08AFA39
:105820002068C16941F40061C1612068C16921F447
:105830008061C1612068C1692A6941EA0221C161B0
:105840005EE700002E2E2F53544D333246317878C8
:105850005F48414C5F4472697665722F5372632FC3
:1058600073746D3332663178785F68616C5F746928
:105870006D2E6300002C0140003401400004004004
:1058800000080040000C004010B5040051D03C4915
:105890002068884219D03B49884216D0B0F1804F29
:1058A00013D03949884210D0384988420DD0384940
:1058B00088420AD03749884207D03749884204D005
:1058C00040F22C5135A002F02DFFA06860B11028E5
:1058D0000AD0202808D0402806D0602804D040F202
:1058E0002D512EA002F01EFF206950B1B0F5807F2F
:1058F00007D0B0F5007F04D040F22E5127A002F06F
:1059000011FFE0684FF6FE71401E884204D940F254
:105910002F5122A002F006FFA06930B1802804D0E8
:105920004FF4A6611DA002F0FDFE94F83D0010B1F9
:1059300007E0012010BD002084F83C00204600F064
:1059400045F8022084F83D00211D206801F0F0FF99
:10595000012084F8460084F83E0084F83F0084F873
:10596000400084F8410084F8420084F8430084F841
:10597000440084F8450084F83D00002010BD00007C
:10598000002C0140003401400004004000080040A9
:10599000000C004000100040001400402E2E2F5339
:1059A000544D3332463178785F48414C5F447269D8
:1059B0007665722F5372632F73746D33326631784C
:1059C000785F68616C5F74696D2E63007047704723
:1059D0002DE9F05F05460068DFF814810227DFF843
:1059E0001491DFF814A1DFF814B1454E0C46404580
:1059F00006D1DCB3042C44D0082C49D00C2C30D078
:105A0000B04206D194B3042C3BD0082C40D00C2CCF
:105A100027D0B0F1804F13D0484506D134B3042CC1
:105A20002FD0082C34D00C2C1BD0504506D1ECB113
:105A3000042C26D0082C2BD00C2C12D0584506D183
:105A4000A4B1042C1DD0082C22D00C2C09D040F27B
:105A5000B3512CA002F066FE44B1042C11D0082CE6
:105A600016D095F84100012819D000E002E001208D
:105A7000BDE8F09F95F83E000128F6D185F83E700C
:105A80000FE095F83F000128EFD185F83F7008E05E
:105A900095F840000128E8D185F8407001E085F8CC
:105AA000417001222146286801F088FF286840459E
:105AB00001D0B04203D1426C42F4004242642868F3
:105AC00040450AD0B04208D0B0F1804F05D04845DB
:105AD00003D0504501D0584504D1816801F0070139
:105AE000062903D0016841F0010101600020BFE7F1
:105AF000002C01400004004000080040000C004061
:105B0000003401402E2E2F53544D333246317878D5
:105B10005F48414C5F4472697665722F5372632F00
:105B200073746D3332663178785F68616C5F746965
:105B30006D2E630070B50068174988422AD1174C52
:105B4000A089401CA0816078401CC0B26070E188D0
:105B500009B1491EE1800121E170022816D9002512
:105B60006570FDF7B3F8216905F016FE2061217814
:105B7000491CC9B22170322908D1094905F080FEBB
:105B8000084908602561257004F01AFFBDE87040DF
:105B900002F0E8BF70BD000000100040800000204F
:105BA00000004842EC0000207047000070B504007F
:105BB00020D0A06934490028344A354B20681BD0D6
:105BC00088420AD0904208D0984206D04FF4B7716C
:105BD00030A002F0A7FDA069F8B1A069B0F5807F00
:105BE0001BD0B0F5007F18D0B0F5407F15D040F243
:105BF0006F110FE0012070BD88420ED090420CD092
:105C000098420AD03049884207D03049884204D0AF
:105C100040F273111FA002F085FDA06838B1B0F505
:105C2000805F04D040F275111AA002F07BFD94F859
:105C30004100002520B984F84050204600F048F883
:105C4000242084F841002068C16821F40051C1601B
:105C5000204602F079F92068016921F49041016140
:105C60002068416921F02A0141612068C16841F43E
:105C70000051C1606564202084F8410084F842002E
:105C80006563002070BD0000003801400044004002
:105C9000004800402E2E2F53544D33324631787831
:105CA0005F48414C5F4472697665722F5372632F6F
:105CB00073746D3332663178785F68616C5F7561DB
:105CC00072742E6300000000004C00400050004041
:105CD00030B585B0002400940194029403940068C8
:105CE0001449884224D11448816941F4804181617A
:105CF000816901F480410491816941F0040181616D
:105D000080690E4D00F0040004904FF40070009084
:105D1000022001900320039069462846FDF750FDBC
:105D20002815CDE90004694628460294FDF748FD90
:105D300005B030BD003801400010024000080140AD
:105D400090F84230202B01D00220704721B11AB1C7
:105D50000023036302F09AB901207047FEE770B593
:105D60000D46044600F0C0F8204600F08DF800F023
:105D700003F9284600F088F800F0FEF800F0B4F8C7
:105D8000641CE0B200F080F800F0F6F8002000F0AB
:105D900045F8044600F0D0F8204670BD70B50D4CB3
:105DA0000025C4F8AC510C48016821F47061016011
:105DB000016841F440710160C4F8A851012004F564
:105DC000D47402F057FF0120606002F053FF656059
:105DD00070BD000000802142040C014070B50D4CE4
:105DE0000025C4F8AC510C48016821F470610160D1
:105DF000016841F4407101600126C4F8A861304691
:105E000004F5D47402F036FF6660012002F032FF20
:105E1000656070BD00802142040C01402DE9F0470F
:105E2000814617480024016821F47061016001680F
:105E300041F400610160134E254627464FF00108EA
:105E4000C6F8AC71022002F015FFC6F8AC816006FE
:105E5000040ED6F8280108B1641CE4B2022002F056
:105E600009FF6D1CEDB2082DEAD3B9F1000F02D085
:105E7000FFF794FF01E0FFF7B1FF2046BDE8F08790
:105E8000040C0140008021422DE9F04106461448EF
:105E9000016821F470610160016841F440710160A2
:105EA000104C0027C4F8AC713D464FF00108F009D2
:105EB000C4F8A8017006060E012002F0DBFEC4F84B
:105EC000AC81012002F0D6FEC4F8AC71012002F0D2
:105ED000D1FE6D1CEDB2082DE9D3BDE8F0810000C4
:105EE000040C01400080214270B51148016821F482
:105EF00070610160016841F4407101600D4C012046
:105F0000C4F8A801D4F8281149B1C4F8AC0102F0D2
:105F1000B1FE0025C4F8A851D4F8280108B100202A
:105F200070BD012002F0A6FEC4F8AC51012070BD86
:105F3000040C0140008021420D4810B5016821F495
:105F400070610160016841F440710160094C0020FA
:105F5000C4F8AC01C4F8A801012004F5D47402F01F
:105F600089FE012060602060BDE8104002F082BE22
:105F7000040C01400080214270B5134800240168E0
:105F800021F470610160016841F4006101600F4D0E
:105F90000126C5F8A861304602F06CFEC5F8AC6178
:105FA00007E0641CE4B2322C03D9FFF7C5FF0020E0
:105FB00070BD012002F05EFED5F828010028F0D166
:105FC000C5F8AC01012070BD040C014000802142E5
:105FD00010B51446FFF7C3FE2070012010BDF8B5C0
:105FE00015461C460E4607466A46FFF7F1FF01209C
:105FF0009DF80010A8400CB1084301E021EA000020
:10600000C2B28DF800203146384600F02BF8F8BDBA
:106010002DE9F84314461D460F4680466A46089E01
:10602000FFF7D6FF00281BD0611CFF20C4F1080237
:1060300000FA01F12A44521ED0400143C5F1080084
:106040008640F2B2C4F10700C2409DF8000008404B
:1060500010438DF80000C2B23946404600F002F805
:10606000BDE8F88307B502AB012200F001F80EBDD0
:106070002DE9F0411E461546884607460024FFF7E5
:1060800033FF3846FFF700FFFFF776FF4046FFF784
:10609000FBFEFFF771FF06E0305DFFF7F5FEFFF74F
:1060A0006BFF641CE4B2AC42F6D3FFF745FF01205E
:1060B000BDE8F0810948016809480160094909689B
:1060C000416009490968816008490968C160084957
:1060D000096801610749096841617047F8010020BA
:1060E00010050020FC010020000200200402002016
:1060F000080200200C0200202DE9F04F04469148D0
:10610000ABB011AFB0E86810299287E868106CC88E
:106110000DAF87E86C0050E91423CDE9272350E93F
:106120001223CDE9252350F8588900F15C031FAFF5
:1061300093E80C109346199350F8682B2A926CC878
:1061400087E86C0050E91820CDE923200020079053
:1061500008900490059006901B901C9009900A905E
:106160000B9003900C901D901E901A90E2460846EA
:1061700005F0E6FA05460E4684F0004005F0E0FA28
:106180002A46334602F0E0FB04F0F4FC6E4F159013
:106190000DAC0222CDE9004707AE0123114602965D
:1061A000104604F0B7FB1BAA29A927A88DE8070011
:1061B00001231A461946022004F0ACFB1B990798EC
:1061C00005F0EAFA07F1080528601C99089805F01F
:1061D000E3FA68600DF10C0905F12801009402232F
:1061E000CDE901191A461946184604F093FB09A98E
:1061F0001FAACDF80090CDE9012102231A461946C5
:10620000184604F087FB4146099805F0C5FA4F4C43
:10621000594620600A9805F0BFFA606019990B98FA
:1062200005F0BAFAA06051460C9805F0B5FAE060A6
:106230000DF1940A0223CDE900A40DF1740B1A4666
:10624000CDF808B01946012004F064FB0DF1680890
:1062500023A9CDF800B0CDE901180123022211468F
:10626000184604F057FB2A991A9805F095FA01464A
:106270004FF07E5005F004FB1A9023A8CDE90040B2
:106280000222012311460296104604F043FB05F159
:10629000080B01238DE840091A461946022004F034
:1062A00039FBCDF800A0CDE90158012302221146A7
:1062B000184604F02FFB1A99159805F00BFD1A905B
:1062C000CDF800B00123CDE901861A461946022017
:1062D00004F020FB0799286805F05EFA38600899F9
:1062E000686805F059FA7860CDF800B0CDE901A9E9
:1062F000022301221146184604F00CFB0399119861
:1063000005F0E8FC03900499129805F0E3FC049072
:106310000599139805F0DEFC05900699149805F090
:10632000D9FC069005F12800CDF800900223CDE9B4
:1063300001401A461946184604F0ECFA38682BB0AA
:10634000BDE8F08FCCCB0008A8010020B0050020EC
:106350002DE9F04F04469348ABB000F178030F46A7
:1063600093E8681011A9299281E8681000F1880566
:106370000DF134084ECD88E84E00D0E90812CDE981
:106380002712D0E90A12CDE92512B5E80E10884689
:10639000CDF858C0416892469B462A912ECD1FAE3B
:1063A00086E82E00D0E90C10CDE9231000200790DC
:1063B00008900490059006901B901C9009900A90FC
:1063C0000B9003900C901D901E901A90384605F08B
:1063D000B7F906460D4684F0004005F0B1F93246A3
:1063E0002B4602F0B1FA04F0C5FB6F4F15900DACCF
:1063F0000222CDE9004707AE01231146029610465E
:1064000004F088FA1BAA29A927A88DE80700012310
:106410001A461946022004F07DFA1B99079805F0E8
:10642000BBF907F1080528601C99089805F0B4F934
:1064300068600DF10C0905F1200000940223CDE9FC
:1064400001091A461946184604F064FA09A91FAA58
:10645000CDF80090CDE9012102231A4619461846CD
:1064600004F058FA4146099805F096F94F4C514608
:1064700020600A9805F090F9606059460B9805F085
:106480008BF9A06016990C9805F086F9E0600DF183
:10649000940A0223CDE900A40DF1740B1A46CDF83D
:1064A00008B01946012004F035FA0DF1680823A957
:1064B000CDF800B0CDE9011801230222114618469B
:1064C00004F028FA2A991A9805F066F901464FF067
:1064D0007E5005F0D5F91A9023A8CDE9004002229C
:1064E000012311460296104604F014FA05F1080B38
:1064F00001238DE840091A461946022004F00AFAE1
:10650000CDF800A0CDE9015801230222114618461A
:1065100004F000FA1A99159805F0DCFB1A90CDF8F2
:1065200000B00123CDE901861A461946022004F085
:10653000F1F90799286805F02FF93860089968681B
:1065400005F02AF97860CDF800B0CDE901A9022361
:1065500001221146184604F0DDF90399119805F05F
:10656000B9FB03900499129805F0B4FB04900599C7
:10657000139805F0AFFB05900699149805F0AAFB57
:10658000069005F12001CDF800900223CDE90141EC
:106590001A461946184604F0BDF938682BB0BDE814
:1065A000F08F000094CB0008C0010020C00500203F
:1065B00010B504464FF480710C48FDF7A3FA0C495E
:1065C00018B10020488008800AE063004888012252
:1065D0009B1C834201D9401C488080B2022801D014
:1065E000002010BD0A80012010BD000000080140FD
:1065F00044000020044908B58A6902438A61896918
:106600000140009108BD0000001002402DE9F04754
:10661000044667480D46844215D06648844212D02D
:10662000654884420FD0654884420CD06448844257
:1066300009D06448844206D06348844203D0A22132
:1066400062A002F06FF8286830F07B4102D010F0B1
:106650007B4F03D0A3215DA002F064F82868C0F34B
:106660000F2797FAA7F0B0FA80F69AE00120B04021
:1066700038427CD0082E03D240F20110B04006E030
:10668000A6F108014FF00110884040F0806081467B
:106690006868082814D1286928B1012803D0BE21D0
:1066A0004AA002F03FF82969E2684FEA192090FAFF
:1066B000A0F0B0FA80F022EA192281400A43E26099
:1066C000686858B1042809D0082807D0012805D0E7
:1066D000092803D0C5213DA002F024F8484699FAC4
:1066E000A9FC04EB1061BCFA8CFC4FEA8C084FF05B
:1066F0000F0C0CFA08FC99FAA9F06A680B68B0FA5A
:1067000080F0800023EA0C03824013430B6068682A
:106710008A46012801D0092842D1A868022807D05A
:10672000012805D0032803D0CD2128A001F0FAFFCD
:10673000E86828B1042803D0CE2124A001F0F2FF9C
:1067400099FAA9FCBCFA8CFC4FEA8C084FF0030CB8
:106750000CFA08FC99FAA9F2AB68DAF80000B2FA70
:1067600082F2920020EA0C009340184300E017E008
:1067700099FAA9FCBCFA8CFC4FEA8C084FF0040C87
:10678000CAF800000CFA08FC99FAA9F1B1FA81F1F3
:10679000EB68890020EA0C008B401843CAF800001F
:1067A000761C37FA06F07FF461AFBDE8F087000091
:1067B00000080140000C014000100140001401409D
:1067C00000180140001C0140002001402E2E2F53D4
:1067D000544D3332463178785F48414C5F4472699A
:1067E0007665722F5372632F73746D33326631780E
:1067F000785F6C6C5F6770696F2E630000B503464D
:1068000000F048FE186000F01BFE586000F026FE05
:106810009860586800F030FED86000BD2DE9FF5F39
:10682000674F0126DFF89C81DFF89C91DFF89CA17F
:10683000DFF89CB10D460446B8420BD0444509D060
:106840004C4507D0544505D05C4503D0CD2161A00F
:1068500001F068FF6C492868884203D9CE215DA009
:1068600001F060FF686830B1B0F5805F03D0CF21E0
:1068700058A001F057FFA868B0F5805F0AD048B172
:10688000B0F5405F06D0B0F5005F03D0D02151A035
:1068900001F048FFE86848B1B0F5806F06D0B0F568
:1068A000C06F03D0D1214BA001F03CFF286948B153
:1068B000042807D0082805D00C2803D0D22145A0F1
:1068C00001F030FF686960B1B0F5807F09D0B0F5A4
:1068D000007F06D0B0F5407F03D0D3213DA001F06A
:1068E00021FFE068C0F34030002864D1E96868689F
:1068F000E2680843296941F20C639A431143084353
:10690000E060A868216921F4405101432161686970
:10691000616921F44071014361616846FFF76EFFD0
:10692000BC4201D1039808E0444505D04C4503D052
:10693000544501D05C453ED10298E0B32968D1B3FB
:1069400000EBC00202EB00128800B2FBF0F36421FE
:10695000B3FBF1F36FF018077B43B2FBF0F5B2FB2A
:10696000F0F705EB8305322303EB0515B5FBF1F5D5
:10697000B7FBF1F705F0F00505EB0715B2FBF0F7F3
:10698000B2FBF0F0B0FBF1F000266FF018025043BC
:1069900007EB800003EB0010B0FBF1F000F00F00FC
:1069A000284480B2A060A068102804D240F23511BB
:1069B00008A001F0B7FE04B03046BDE8F09F00002B
:1069C000003801400044004000480040004C0040B6
:1069D000005000402E2E2F53544D333246317878DC
:1069E0005F48414C5F4472697665722F5372632F22
:1069F00073746D3332663178785F6C6C5F75736178
:106A000072742E630000000020AA44002820FDF7C5
:106A100067B910B5022000F011F8032000F020F84B
:106A2000002000F014F8002000F02FF8002000F003
:106A300026F8BDE81040002000F01BB808B503237D
:106A4000009002226B21D020FFF7E2FA08BD08B5C2
:106A50000223009004221C21D020FFF7D9FA08BDA0
:106A600008B50223009004221B21D020FFF7D0FAA2
:106A700008BD034601223721D020FFF7B0BA0346F4
:106A800005226A21D020FFF7AABA034606226B210D
:106A9000D020FFF7A4BA00003EB5002111480091B4
:106AA00001910F4A02910260816001730175012416
:106AB0004FF460220461C2614160FCF76FFB08B1D2
:106AC000FBF760FF0520CDE900040720029069462E
:106AD0000448FCF721FA002801D0FBF753FF3EBD24
:106AE00000240140380200202DE9F04186B0002446
:106AF00037480094019402940394816941F0200185
:106B00008161816901F020010491816941F00401F2
:106B10008161816901F004010491816941F00801FA
:106B20008161816901F008010491816941F01001DE
:106B300081618069274F00F010004FF400650490D8
:106B4000002229463846FDF705F8DFF88C80002240
:106B500040F608414046FCF7FDFF0095022601255E
:106B60000396CDE9015469463846FCF729FE4FF4F7
:106B70004060CDE900050320CDE90240694640466A
:106B8000FCF71EFE2802CDE900046946384602944F
:106B9000FCF716FE280300901048CDE90105694670
:106BA0003846FCF70DFE0820CDE90005CDE9024688
:106BB00069464046FCF704FE012202212820FDF729
:106BC000BDF82820FDF78CF806B0BDE8F081000084
:106BD0000010024000080140000C014000001110AC
:106BE00010B58CB024216846F9F74DFD00241648F5
:106BF000099414490A94C0E900144FF6FF71C0E9E2
:106C00000241046184610320CDE900040120CDE943
:106C100002040494CDE90540079469460A480894A3
:106C2000FEF75CFA08B1FBF7ADFE099409A9064826
:106C30000A94FDF7AFFE002801D0FBF7A3FE0CB0CD
:106C400010BD0000000400406802002010B58CB0A8
:106C500024216846F9F717FD0024164809941449C1
:106C60000A94C0E900144FF6FF71C0E902410461C3
:106C700084610320CDE900040120CDE902040494DD
:106C8000CDE90540079469460A480894FEF726FABC
:106C900008B1FBF777FE099409A906480A94FDF7A5
:106CA00079FE002801D0FBF76DFE0CB010BD00008E
:106CB00000080040B00200201CB500240E480094DB
:106CC0000C490194016041F61F41C0E901146321A0
:106CD0008461C160FDF7F8FE08B1FBF753FE009434
:106CE000694605480194FDF755FE002801D0FBF7E1
:106CF00049FE1CBD00100040F802002010B596B0FF
:106D000000240F9410941194129413941C2168463B
:106D10001494F9F7B8FC202107A8F9F7B4FC34481B
:106D20003249C0E9001440F63F31C0E902418021F8
:106D30000461C0E90541FDF7C7FE08B1FBF722FE7B
:106D40004FF480500F900FA92948FDF7FBFF08B1C1
:106D5000FBF718FE2648FEF797FD08B1FBF712FE79
:106D6000139413A922481494FDF714FE08B1FBF7FD
:106D700009FE6020CDE90004029403940494059474
:106D8000002269461A480694FEF772FC08B1FBF728
:106D9000F9FD042269461648FEF76AFC08B1FBF7C4
:106DA000F1FD082269461248FEF762FC08B1FBF7C4
:106DB000E9FD0C2269460E48FEF75AFC08B1FBF7C4
:106DC000E1FD0794089409944FF400500A94CDE92A
:106DD0000B4007A906480E94FDF73CFD08B1FBF7F0
:106DE000D1FD0348FEF71CFC16B010BD0034014075
:106DF0004003002010B58EB01C2105A8F9F743FC14
:106E000014216846F9F73FFC2A48C16941F4801112
:106E1000C161C06900F480100C901020FFF7EAFBFC
:106E20002020FFF7E7FB2448009009200190032071
:106E30000024CDE9020469462048FFF7E7FB40F251
:106E4000044000900420019069461D48FFF7DEFBD6
:106E50001C480068C0F30220011D072901D2002050
:106E600000E0C01E04FA00F10801174981F800048F
:106E700015494FF400103139C1F800014FF4165094
:106E8000CDE905040C20CDE9084007940A940F4C85
:106E900005A92046FFF7C2FC206920F4904020613C
:106EA000606920F02A006061E06840F40050E06012
:106EB0000EB010BD00100240100010040010014080
:106EC000001401400CED00E035E000E0005000400F
:106ED0000C4810B50A4901604FF4E13141600021CE
:106EE00081600C22C160C0E904128161C161FEF7BA
:106EF0005DFE002803D0BDE81040FBF743BD10BD88
:106F00000038014088030020FEE7000010B5002192
:106F10000848FEF75DFD04210648FEF759FD0821EB
:106F20000448FEF755FDBDE810400C210148FEF76E
:106F30004FBD000040030020FEE7002802DD00F204
:106F400014507047FDDAA0F214507047884200DDFB
:106F50000846904200DA1046704770472DE9F04F1E
:106F6000B34E012700257078B24C30388BB005281D
:106F70000DD2DFE800F00C0305070A00A77007E058
:106F8000022000E00320A07002E00420FBE7A570CF
:106F9000F078312802D0322802D003E0052000E04A
:106FA0000620A070A248F9F7C4FA15280AD2257065
:106FB00050219F48F9F767FB0BB09FA0BDE8F04F49
:106FC00000F0B2BF7079312802D0322808D00EE02C
:106FD00000F06CF9052001F033FE00F067F906E0DF
:106FE00000F0A2FB00F062F998A000F09DFFF0799C
:106FF000312802D0322802D005E0676000E06560E9
:1070000092A000F091FF707ADFF848B2B0463128C4
:1070100052D11C216846F9F736FB0795089509956A
:107020008DA183480A9500F017FC0746401C7DD0CF
:10703000E06808EB0701C21B89466846F9F7A4FA25
:1070400086A1684600F008FC0646401C6ED0B21EC1
:10705000EA4607A80DF10201F9F796FA07A801F030
:1070600033FD00225B4604F05BF803F083FD7C49AE
:1070700008601C216846F9F706FBE168B8190A1A8E
:1070800009EB06016846491CF9F77EFA73A16846C8
:1070900000F0E2FB411C49D0821E0AF1020109A85E
:1070A000F9F772FA09A801F00FFD03F063FD6D49CD
:1070B000086066A000F038FF98F80B00312854D122
:1070C0001C216846F9F7DFFA07950895099566A12E
:1070D00057480A9500F0C0FB0746401C26D0E068E0
:1070E00008EB0701C21B89466846F9F74DFA5BA118
:1070F000684600F0B1FB0646401C17D0B21EEA46B7
:1071000007A80DF10201F9F73FFA07A801F0DCFC2E
:1071100000225B4604F004F803F02CFD534908609C
:107120001C216846F9F7AFFAB81900E07CE0E16885
:107130000A1A09EB06016846491CF9F725FA47A126
:10714000684600F089FB411C6ED0821E0AF10201E4
:1071500009A8F9F719FA09A801F0B6FC03F00AFD2D
:107160004349086039A000F0DFFE98F80D0046465C
:10717000312851D11C216846F9F785FA0795089501
:1071800009953CA12A480A9500F066FB0746401C79
:107190004AD0E068F119C21B88466846F9F7F4F94D
:1071A0002EA1684600F058FB0646401C3CD0B21E9B
:1071B000E94607A80DF10201F9F7E6F907A801F081
:1071C00083FC00225B4603F0ABFF03F0D3FC2A49AB
:1071D00008601C216846F9F756FAE168B8190A1ADE
:1071E00008EB06016846491CF9F7CEF923A1684669
:1071F00000F032FB411C17D0821E09F1020109A8E0
:10720000F9F7C2F909A801F05FFC03F0B3FC1C49CF
:1072100008600EA000F088FE25700BB05021BDE87C
:10722000F04F0348F9F72FBA0BB0BDE8F08F00001C
:10723000C00400209C0000202452656365697665C7
:107240005061636B4572726F72230000244F4B23B1
:107250000000000000005940415000002C000000D8
:10726000F8010020FC010020565000000002002020
:1072700004020020545000000802002023000000F7
:107280000C020020074810B50749826801F1500040
:10729000521CF9F7BEF9BDE8104050210248F9F739
:1072A000F2B900009C0000207004002070B532216B
:1072B0004D48F9F7E8F94C484CA11C380968C16100
:1072C0004B484C4C0068A0420FD24B4D294604F06D
:1072D000D7FA04F035FA02460B4648A14948F8F7B8
:1072E000FDFF49480068A04201D348A078E004F0BF
:1072F00027FA024643480B4640A10A30F8F7EEFF52
:1073000046480068A042F0D2294604F0B9FA04F0D9
:1073100017FA02463B480B4638A11430F8F7DEFF57
:107320003F480068A042E0D204F00AFA024635481D
:107330000B4632A11E30F8F7D1FF3A480068A04250
:10734000D3D2294604F09CFA04F0FAF902462D48FB
:107350000B462AA12830F8F7C1FF33480068A04245
:10736000C3D204F0EDF9024626480B4623A1323081
:10737000F8F7B4FF23491C48F9F7FAF82BA11A488B
:10738000F9F7F6F81F4918480A31F9F7F1F828A17A
:107390001548F9F7EDF81B4913481431F9F7E8F8E7
:1073A00024A11148F9F7E4F816490F481E31F9F7FE
:1073B000DFF821A10C48F9F7DBF812490A48283117
:1073C000F9F7D6F81DA10848F9F7D2F80D49064893
:1073D0003231F9F7CDF810A10348F9F7C9F802489E
:1073E000BDE8704000F0A0BDB8000020244150006E
:1073F000F8010020000080800000C84225332E32B2
:107400006600000064050020FC010020244765742C
:107410005049444572726F72230000000002002040
:1074200004020020080200200C0200202C4144002D
:107430002C5650002C5649002C5450002C5444001B
:1074400004494968044A01F0F0010909515CC84047
:10745000704700000010024034BF0008044949682A
:10746000044A01F4E06102EB11210978C840704739
:107470000010024044BF000804494968044A01F46E
:10748000605102EBD1210978C840704700100240DA
:1074900044BF00080648406810F00C01054805D0BC
:1074A000042903D0082901D100F006B87047000074
:1074B0000010024000127A000B48416811F480323B
:1074C0000A4909D0B2F5803F06D14168084AC1F3A4
:1074D0004041491CB2FBF1F14068022200F47010F7
:1074E00002EB9040484370470010024000093D0005
:1074F00000127A002DE9F04F89B0684C07A8CDE959
:10750000004004F1260106AB02AA881F01F01CFD11
:107510002088C0057ED5029804F0E4FA6FF01D06BD
:10752000314604F0B1FC80466060039804F0DAFA5A
:10753000314604F0A9FC0746A060049804F0D2FA92
:10754000314604F0A1FC0546E060059804F0CAFA53
:10755000314604F099FC064620610121404604F0C2
:1075600093FC294604F0EAFA05464FF040484146AC
:10757000384604F0E3FA314604F0E0FA294604F014
:107580000BF904F0DDF800F095FFDFF814A14FF0DF
:1075900066394A46534603F0C3FD03F0EBFA6061D7
:1075A000E0680121054604F06FFC8346294604F09B
:1075B000C5FA0546A0684146064604F0BFFA3146C2
:1075C00004F0BCFA294604F085FB4FF07E5104F02C
:1075D000E3F804F0B5F807460D460121606804F0B1
:1075E00053FC314604F0AAFA06465846216904F0D5
:1075F000A5FA314604F0D0F804F0A2F83A462B463A
:1076000001F0A2F94A46534603F08AFD03F0B2FAAC
:10761000A06100E03FE021690191084604F08EFA84
:10762000E16807460846009104F088FAA16806461A
:107630008B46584604F082FA616805468846404603
:1076400004F07CFA294604F0A7F8314604F042FB26
:10765000394604F03FFB04F073F806460D464046F9
:10766000019904F06BFA07465846009904F066FA4F
:10767000394604F091F8012104F006FC04F060F8AA
:1076800032462B4601F060F94A46534603F048FD66
:1076900003F070FAE06109B0BDE8F08F4800002007
:1076A00066A64C40002118B1012803D00020704785
:1076B000034A00E0034A1068116000B270470000FE
:1076C000240400402408004010B54221D020FEF7D9
:1076D00046FB04464121D020FEF741FB04EB00208D
:1076E00004F018FAB0F18E4F03DD4FF08F4104F033
:1076F000F1FA094904F0C4F804F022F8074A084BEB
:1077000003F06AFA0022074B03F00AFD03F032FA95
:10771000BDE8104004F0AAB90000AA43A4703D0AD5
:10772000D7434240000024402DE9F0471D4F224C32
:10773000DFF874801D4D1E4EDFF87890DFF87CA0D6
:107740002168386804F05EF901D020683860474647
:107750006168D8F8000004F055F901D0606838601D
:10776000A168286804F04EF901D0A0682860E1689B
:10777000306804F047F901D0E06830604D46216977
:10778000D9F8000004F03EF901D020692860554680
:107790006169DAF8000004F035F901D06069286009
:1077A000BDE8F087F8010020FC0100200002002065
:1077B0000402002008020020100500200C02002016
:1077C0007047000010B50A4CA069401EA0616168B6
:1077D000012906D1002809D1FAF750FE054800F02A
:1077E000A3FBA069002801D10120A06110BD000009
:1077F0009C000020200400202DE9F047154D89460B
:107800002E1D002408B92C603460124F083707F190
:107810000408B9F1000F02D13C60C8F8004000280C
:1078200004DD03F0C7F830602C6003E0346003F03F
:10783000C1F82860B9F1000006DD03F0BBF838603C
:10784000C8F80040BDE8F0873C6003F0B3F8C8F822
:107850000000F7E73434014030B50346002016E05D
:107860000C78A24212D1002205E0521C85188C5CD3
:107870005D5DAC4207D18C5C002C0CD084181C5D83
:10788000002CF2D102E014F0FF0F04D0401C1A5C6F
:10789000002AE5D1501E30BDFCF794B930B595B043
:1078A00028216846F8F7EFFE14210AA8F8F7EBFE46
:1078B00018210FA8F8F7E7FE01210804CDE9001010
:1078C0000025029502240491CDE907404FF4E01011
:1078D00009906846FCF762FD08B172B6FEE70AA996
:1078E0000F2081E831004FF48060CDE90D050221C1
:1078F0000AA8FCF7FBFB08B172B6FEE74FF40040A4
:1079000011900F940FA8FCF727FB002801D072B646
:10791000FEE715B030BD70470148FDF7CEBD000051
:10792000F80200200148FDF79BB90000F802002092
:10793000F0B502681C4B1D4D1D4E1E4F1E4C4FF0E6
:10794000804C984209D0A04207D0604505D0A8429B
:1079500003D0B04201D0B84204D122F0700E4A6880
:1079600042EA0E02984209D0A04207D0604505D0F5
:10797000A84203D0B04201D0B84203D122F44075EE
:10798000CA682A434D6922F080022A4302608A684D
:10799000C2620A688262984201D0A04201D109699C
:1079A000016301214161F0BD002C01400004004051
:1079B00000080040000C00400034014070B504464F
:1079C000194816460D46844213D01848844210D0F8
:1079D000B4F1804F0DD0164884420AD01548844235
:1079E00007D01548844204D041F6925113A000F00C
:1079F00099FE65B1042D0AD0082D08D00C2D06D0B3
:107A00003C2D04D041F693510CA000F08BFE05F004
:107A10001F010120226A884082432262206A8E4030
:107A20003043206270BD0000002C01400034014052
:107A30000004004000080040000C00402E2E2F5390
:107A4000544D3332463178785F48414C5F44726917
:107A50007665722F5372632F73746D33326631788B
:107A6000785F68616C5F74696D2E630010B584681F
:107A700042EA032224F47F440A432243826010BD79
:107A8000826822F070020A4342F007018160704769
:107A90002DE9F0470446006A0D46216A21F00101F4
:107AA00021626768A169AE6821F07302296820F03D
:107AB0000200DFF880900643DFF87CA041EA02086C
:107AC0004C4501D054450ED1E86830B1082804D0A7
:107AD00041F6C42119A000F025FEE86826F008014F
:107AE000084320F004064C4501D0544519D1A8693B
:107AF000B0F5007F05D020B141F6D1210FA000F0F4
:107B000011FE6869B0F5807F05D020B141F6D22121
:107B10000AA000F007FE27F440716869AF690843C6
:107B200007436760C4F81880686860632662BDE830
:107B3000F0870000002C0140003401402E2E2F530E
:107B4000544D3332463178785F48414C5F44726916
:107B50007665722F5372632F73746D33326631788A
:107B6000785F68616C5F74696D2E63002DE9F04782
:107B70000446006A0D46216A21F0100121626768FF
:107B8000A1692A6821F4E64141EA0228A968DFF8E0
:107B9000889020F02000DFF884A040EA01164C45D0
:107BA00001D054450FD1E86830B1082804D041F61F
:107BB00010311BA000F0B6FDE96826F0800040EA15
:107BC000011020F040064C4501D054451BD1A86956
:107BD000B0F5007F05D020B141F61E3110A000F0B5
:107BE000A1FD6869B0F5807F05D020B141F61F3155
:107BF0000BA000F097FD696927F4406040EA81001E
:107C0000A96940EA81076760C4F818806868A063C2
:107C10002662BDE8F0870000002C014000340140DE
:107C20002E2E2F53544D3332463178785F48414CD5
:107C30005F4472697665722F5372632F73746D336C
:107C400032663178785F68616C5F74696D2E6300AD
:107C50002DE9F0470446006A0D46216A21F480713F
:107C600021626768E169DFF8949021F07302296866
:107C700020F4007041EA0208A968DFF884A040EA15
:107C800001264C4501D054450FD1E86830B1082891
:107C900004D041F65C311BA000F044FDE96826F4F5
:107CA000006040EA012020F480664C4501D0544534
:107CB0001BD1A869B0F5007F05D020B141F669312C
:107CC00010A000F02FFD6869B0F5807F05D020B1CD
:107CD00041F66A310BA000F025FD696927F4405098
:107CE00040EA0110A96940EA01176760C4F81C80E6
:107CF0006868E0632662BDE8F0870000002C014060
:107D0000003401402E2E2F53544D333246317878B3
:107D10005F48414C5F4472697665722F5372632FDE
:107D200073746D3332663178785F68616C5F746943
:107D30006D2E63002DE9F0410446006A0D46216A6C
:107D400021F4805121626668E1692A6821F4E641E4
:107D500041EA0228A96820F4005040EA01370E48A1
:107D6000844202D00D4884420ED16869B0F5807F0C
:107D700005D020B141F6A93109A000F0D3FC696912
:107D800026F4804040EA81166660C4F81C8068686A
:107D900020642762BDE8F081002C014000340140DE
:107DA0002E2E2F53544D3332463178785F48414C54
:107DB0005F4472697665722F5372632F73746D33EB
:107DC00032663178785F68616C5F74696D2E63002C
:107DD00010B5036A046A24F001040462846924F083
:107DE000F00444EA021423F00A020A4384610262A6
:107DF00010BD10B5036A046A24F01004046284699B
:107E000023F0A00324F4704444EA023243EA01114F
:107E10008261016210BD00000C4A90420BD80C4AEE
:107E2000904208DC0B48814205DB0B4800780128B2
:107E300001D000207047094A012000211160121D65
:107E40001160121D1160121D11607047000020C2E8
:107E5000000020429A991941040000203434014066
:107E60002DE9F0411D4C1E49224626690978D26948
:107E700003290CD004290DD005290DD006290DD0D9
:107E80000022A263012927D0022925D008E082F030
:107E9000004104E0A26303E0124900E01249A1633B
:107EA000D4F8201003F04AFE104F394603F0E8FCE6
:107EB00005463146A06B03F041FE394603F0E0FC75
:107EC000294603F069FC0A49096803F065FCE06390
:107ED000BDE8F04103F0CABD6169E3E7F8010020A5
:107EE0009E000020000048C2000048420000C84236
:107EF0002C00002003490A68C2F3C012002AFAD0FD
:107F00004860704700500040AFF300800548C168EA
:107F1000C1F34011002903D04068C0B200F05EBE3A
:107F2000704700000050004010B50446034602E0D0
:107F3000FFF7E0FF5B1C18780028F9D12046BDE868
:107F4000104000F0BFB8000070B5044640684049DA
:107F5000884204D940F666613EA000F0E3FBE06889
:107F600038B1B0F5005F04D040F6676139A000F089
:107F7000D9FB206950B1B0F5806F07D0B0F5C06F64
:107F800004D040F6686133A000F0CCFB60694FF686
:107F9000F371084200D120B940F669612DA000F0CC
:107FA000C1FB20680169E26821F44051114301617D
:107FB0002169A0680843616908432168CA6841F2E1
:107FC0000C639A430243CA6020684169A26921F4A4
:107FD0004071114341612C492068884202D1FCF76D
:107FE000A7F901E0FCF794F900EBC00101EB0012E6
:107FF000606864218000B2FBF0F3B3FBF1F36FF033
:1080000018067343B2FBF0F5B2FBF0F605EB8305FF
:10801000322303EB0515B5FBF1F5B6FBF1F605F0E0
:10802000F00505EB0615B2FBF0F6B2FBF0F0B0FB85
:10803000F1F06FF01802504306EB800003EB0010E4
:10804000B0FBF1F0216800F00F002844886070BD9B
:1080500020AA44002E2E2F53544D333246317878C7
:108060005F48414C5F4472697665722F5372632F8B
:1080700073746D3332663178785F68616C5F7561F7
:1080800072742E6300000000003801408162828516
:10809000C28500214164222180F84210016921B18A
:1080A0000168CA6842F48072CA6001684A6942F095
:1080B00001024A610068C16841F02001C1600020EE
:1080C00070470000064910B50B1D04E00C6824063B
:1080D000FCD51A60401C0278002AF7D110BD0000C0
:1080E00000380140FEE700002DE9F041314A324CF2
:1080F0001378A269012B03D0022B51D02F4A1268AA
:1081000008444042226303F0EDFC0546A062E06AA9
:1081100003F016FB2A4A2B4B03F002F802F02AFD6B
:108120000746284603F00CFB274A284B02F0F8FFCD
:1081300005460E46384603F003FB2A46334602F056
:108140004BFD02F017FD05460146E062606B03F04F
:1081500023FB216B03F020FB1D496063884202DC96
:108160001C49884200D96163E168606B03F0E6FC5A
:10817000194903F085FB06462846A16803F0DEFC9A
:10818000164903F07DFB314603F0A4FD60621448FC
:10819000016814480068FFF73FFE012803D004E09F
:1081A00082F00042ACE700206063606ABDE8F04105
:1081B00003F05CBC9E000020F80100202800002095
:1081C000E17A14AE47E1EA3F7B14AE47E17AC43F5F
:1081D0000000FA450000FAC50000C8420000C8C20D
:1081E000EC0000200C000020490050EAC12018BF1C
:1081F00004204A0D18BF40F0010040F2FF72B2EBBC
:10820000515F08BF40F00200012808BF05207047F9
:108210000907090E002804DB00F1E02080F80014B3
:10822000704700F00F0000F1E02080F8141D704747
:108230002DE9F0414F1E00EBC7010446D1E90001D2
:1082400015461E4637F006020DD02A46334602F088
:1082500067FF7F1E04EBC703D3E9002302F0BCFCD9
:1082600037F00602F1D1022F25D0042F13D0062FAC
:1082700018BFBDE8F0812A46334602F051FFD4E929
:108280000A2302F0A9FC2A46334602F049FFD4E94A
:10829000082302F0A1FC2A46334602F041FFD4E94C
:1082A000062302F099FC2A46334602F039FFD4E94E
:1082B000042302F091FC2A46334602F031FFD4E950
:1082C000022302F089FC2A46334602F029FFD4E952
:1082D0000023BDE8F04102F07FBC012203F0A6BDFF
:1082E00002F07ABC002213461046114602F030BD5F
:1082F00040F2013200204FF0E04103F097BD000052
:10830000024A0020110703F091BD000001FDFFFFAC
:1083100010B50446D1E9000100F002F8206010BD5C
:10832000F8B504460D466A4601F064F900987E30BF
:10833000009000281EDC002213462046294602F049
:108340005FFE17D0002140F608004FF000000646FF
:108350002046294602F00EFC044640F6080006EAD4
:1083600000014FF0000034F0004004BF0220F8F795
:1083700031FA29E00098FF2828DB002108464FF059
:10838000000000F44006002213462046294602F071
:10839000C5FF8CBF002501250220F8F71BFA4FF01E
:1083A000FF4446B1002D0CBF4FF400004FF4800095
:1083B000B04218BF084C042108464FF00000002DC1
:1083C00004BF84F00040F8BD2046F8BD2046294691
:1083D000BDE8F84002F0CEBBFFFF7F7F10B504463A
:1083E0000A46D4E90003194601F010FCC4E9000173
:1083F00010BD30380A2801D2012070470020704794
:10840000704700002DE9FE4F07460E4600256846DE
:1084100001F01CF900246FF00F0AE8464FF0010943
:1084200057F8240056F82410401A00D5404203F0B3
:1084300059FB514603F028FD58F8241011F0FF4F66
:108440000BD003F01DFA4FF07E5103F043FC0A49B4
:1084500020F00040884205DC07E00849084408494C
:10846000884202D309FA04F00543641C032CD7DBCD
:108470002846BDE8FE8F0000295C0F3E666666C197
:108480009A99D900094810B5007818B1FEF7FAFE9C
:10849000FEF764FD06480178002905D0002101702F
:1084A000BDE81040FFF78EB910BD00009C00002011
:1084B000830000202DE9F04D8D4F21F0004A86B059
:1084C00005460C46BA452ADBAAEB070028430AD02A
:1084D0008848824501DC1AD1CDB106B02846BDE8F6
:1084E000F04DFFF7FABE844A844B284602F018FE8E
:1084F00007460E46824A834B2846214602F010FE6C
:1085000006B03A463346BDE8F04D02F065BB0120A7
:10851000F8F760F906B0BDE8F04DFFF7E3BE7A4822
:10852000824542DABAF1795F0BDA2846FFF75CFE42
:10853000042808BFFFF7E4FE284606B02146BDE840
:10854000F08D2A460B46104602F0EAFD83460246AD
:108550006E480E460B4606217844FFF769FE5A46E0
:10856000334602F0DDFD804669488A465A46334666
:1085700004217844FFF75CFE5A46334602F0D0FDF2
:1085800000223B4602F028FB02460B46404651467D
:1085900002F0DEFB2A46234602F0C2FD06B02A4660
:1085A0002346BDE8F04D02F017BB284624F00041F9
:1085B00000223D463B4602F0E7FE4FF0FF3203F05B
:1085C00035FC0646024653480F460B4606217844C2
:1085D000FFF72EFE32463B4602F0A2FDCDE9000138
:1085E0004D4832463B4604217844FFF721FE32468F
:1085F0003B4602F095FD00222B4602F0EDFA834641
:1086000002913046394602F063FA804643480D46EF
:10861000504517DCDDE900015A46029B02F098FB49
:1086200042462B4602F07CFD42462B4602F0D4FA2D
:10863000012203F0FBFB304A304B02F097FF304A37
:10864000304B4CE04FF0000A52460B46404602F0D9
:10865000C3FACDE9031052462B461046194602F0E4
:108660005FFD32463B4602F08FFEDDE9033202F049
:108670006FFB06460F46DDE900015A46029B02F0F9
:1086800067FB8346009101223046394603F0CEFB5A
:10869000194A1A4B02F078FE06460F460122404660
:1086A000294603F0C3FB5A46009B02F039FD3246CF
:1086B0003B4602F05BFF06460F4601225046294624
:1086C00003F0B4FB0E4DDFF858802A46434602F013
:1086D0005BFE32463B4602F057FE2A46434602F016
:1086E00053FE002CD8BF81F0004106B0BDE8F08DEC
:1086F0000000F03F0000F07F075C143326A6913C99
:10870000182D4454FB21F93F0000E03FF4460000DF
:108710000A4700007E460000944600003333EF3FD6
:10872000FB21E93F704700002DE9F84F04460D4654
:1087300021F0004000917349814211DC7249884266
:1087400001DC06D12CB120462946BDE8F84FFFF7E1
:10875000C4BD6E48002DCCBF6D496E49BDE8F88F91
:108760006D49814211DD6D498142D8BF4FF0FF361E
:108770006DDD20462946FFF737FD042808BFFFF7C7
:10878000BFFD20462946BDE8F88F6549654F25F0B5
:108790000045814233DD6449814219DD00263246BD
:1087A0004FF080432046294602F016FA80468A465A
:1087B00001222046294603F039FB00223B4602F005
:1087C000D5FE4246534602F0C3FA04460D463EE04B
:1087D00001260022BA463B462046294602F0FCF913
:1087E00080460F46002253462046294602F0BEFE30
:1087F00042463B4602F0ACFA04460D4627E04B49A0
:1088000081421BDDDFF828A10226002253462046C4
:10881000294602F085FC00223B4602F0DDF9804645
:108820000F46002253462046294602F09FFE42464C
:108830003B4602F08DFA04460D4608E00326224628
:108840002B4600203B4902F083FA04460D4622469F
:108850002B461046194602F063FC8B4682460246C0
:108860000B4602F05DFC07460246334888460B463D
:1088700006217844FFF7DCFC52465B4602F050FCD0
:1088800082462E488B463A46434605217844FFF7F8
:10889000CFFC3A46434602F043FC02460B46002E0C
:1088A000504659460CDA02F097F922462B4602F060
:1088B00037FC01B022462B46BDE8F04F02F064BD04
:1088C00002F08AF922462B4602F02AFC1C4A7A441E
:1088D00002EBC603D3E9002302F048FE22462B46F2
:1088E00002F044FE174A7A4402EBC603D3E90023A0
:1088F00002F04AFD009A002AB8BF81F00041BDE8AD
:10890000F88F0000000010440000F07F182D445440
:10891000FB21F93FFB21F9BF0000DC3F0000203EB6
:108920000000F33F0000F03F0000E63F00800340FE
:108930000000F83F0000F0BF9244000050440000E7
:10894000EE430000B64300002DE9F04D9446CCF113
:10895000000423F000464CEA0404524F46EAD47463
:108960009A46884621F00042BC4206D8454240EA79
:10897000050442EAD474BC4204D9BDE8F04D624615
:10898000FFF7AEBCAAF14055A5F17F6555EA0C048E
:108990000BD0022404EAAA74434DDFF810E144EA44
:1089A000D87452EA000B04D00CE0BDE8F04DFFF79C
:1089B000BBBE002C14BF012CBDE8F08D022C30D0C2
:1089C000032C32D056EA0C0B0AD0BE4220D1BA4258
:1089D00009D126F0804622F080423346114617E046
:1089E00000291ADB25E0DFF8C8B0FB44002C04BFE7
:1089F000DBE90001BDE8F08D012C02BFDBE90001DD
:108A000081F00041BDE8F08D022C0AD0032C0CD07F
:108A1000BA4212D1B8F1000F0BDA23482549BDE85C
:108A2000F08D28462449BDE8F08D28467146BDE802
:108A3000F08D1D482149BDE8F08D921B12153C2A8E
:108A4000C4BF19481D490EDCBAF1000FBEBF12F1B8
:108A50003C0F0020014606DB624602F079F921F066
:108A60000041FFF761FE002C08BFBDE8F08D012C2E
:108A700004BF81F00041BDE8F08D114A114B022C7A
:108A800007D002F073FD2A46BDE8F04D0A4B02F014
:108A90006DBD02F06BFD2A46BDE8F04D064B02F0BD
:108AA00073BC00000000F07F182D4454FB2109C066
:108AB0004A430000FB21F9BFFB210940FB21F93F9C
:108AC000075C143326A6A13C30B583B00446F7F703
:108AD0007CFE05460020CDE900000246214668469E
:108AE000F8F734F92846F7F775FEDDE9000103B021
:108AF00030BD000010B5FEF77DF9064850E8001FB4
:108B000041F0200140E80012002AF7D1BDE81040F2
:108B1000FDF7D0BA0C50004010B52820FBF7AEF896
:108B200000F07EF801F046F801F03CF8FEF7EEF9AF
:108B3000F9F710FFF9F71AFF4FF49670FAF7C6FD30
:108B4000FDF767FFF9F7EEFDF9F790FCBDE810407F
:108B5000012202490248FDF7F3B80000940000200A
:108B60008803002070B51A480124014603898A89C8
:108B7000002173B1142A11D981818578154A164BC9
:108B80006DB1D3F8AC61F6B15FF00006C3F8AC612B
:108B900009E0B2F5967F01D98181048170BDD2F8D8
:108BA0008C4174B10024C2F88C414489641CA4B285
:108BB0004481062CF2D145B1C3F8AC114181018149
:108BC00070BD0124EFE70126E0E7C2F88C11F5E75C
:108BD00080000020008021420000214230B50123A6
:108BE00000220D49242803D04C78012C02D009E042
:108BF0004B708A60094D8C682328285502D10B7070
:108C00004A70CC608868401C8860502802DB8A600B
:108C10004A700A7030BD00009C00002070040020E3
:108C20004FF0E020016921F00401016103480921AE
:108C3000017042F22831418070470000400000205E
:108C40000B49498848434FF0E021486100228A617E
:108C5000086940F0010008610869C30701D0C0033A
:108C6000FAD5086920F0010008618A6170470000A8
:108C7000400000200B49097848434FF0E02148614B
:108C800000228A61086940F0010008610869C30791
:108C900001D0C003FAD5086920F0010008618A619B
:108CA000704700004000002008B560B120208DF81A
:108CB000000028208DF8010030208DF802003820B7
:108CC0008DF8030004E0A32204216846F7F7D3FCE3
:108CD0006A46042140F69E2001F0F2FD01F0B8FA48
:108CE00008BD00003EB5044602208DF80000CA20F1
:108CF0008DF80100E3208DF8020009208DF80300B3
:108D00006A460421682001F0DBFDA3208DF80000F5
:108D1000610609D5C0218DF80110C8218DF8021017
:108D2000C2218DF8031005E08DF801008DF80200D6
:108D30008DF8030014F4C07F09D0C4218DF804100D
:108D4000CC218DF80510C6218DF8061005E08DF8B0
:108D500004008DF805008DF806008DF808008DF8E8
:108D600007008DF809006A460A2140F6A72001F0A5
:108D7000A7FDA0074FF0D80503D020208DF80000F4
:108D800001E08DF800506A46012140F6B62001F05E
:108D900097FDA00601D5012000E0002000F08EF82C
:108DA00014F4C07F1ED0E0050AD5B2208DF8000073
:108DB0008B208DF80100B6208DF802009B2009E081
:108DC000B0208DF8000080208DF80100B4208DF8CF
:108DD000020090208DF803006A46042140F6A2208C
:108DE00001F06EFDE1074FF40B6022D0F8218DF801
:108DF00000106A46012101F063FDFA21072000F00E
:108E000039FB072000F004FB012000F021FB642067
:108E100000F0C4FB4FF4FA7000F0D0FBC8212548E5
:108E200000F0BEFA282000F0D3FA0A2000F0E0FAA1
:108E300005E08DF800506A46012101F041FDA007D0
:108E400003D5D9208DF8000001E08DF800506A4666
:108E5000012140F23D7001F033FD600701D5012092
:108E600000E0002000F048F8E00601D5012000E015
:108E70000020FFF719FF104D44F00800688101F051
:108E8000E7F90020A873600601D50620A87314F442
:108E9000C07F02D0A87B801DA87314F0140F02D0ED
:108EA000A87B1030A873A00702D0A87B001DA87370
:108EB00000203EBD09E3CA02A00500200EB54FF414
:108EC000976310B106A107C901E008A207CA8DE89F
:108ED00007006A460921184601F0F2FC0EBD0000A9
:108EE000B8AAB38DB4980D355D000000B8AAAAAA3F
:108EF000B088C3C5C700000008B560B1C0208DF8B8
:108F00000000C2208DF80100C4208DF80200C620A8
:108F10008DF8030004E08B2204216846F7F7ABFBD1
:108F20006A46042140F6982001F0CAFC01F090F94D
:108F300008BD0000C8234FF48062024940F6F630B5
:108F400001F068B89CBF00082DE9FF4F89B01746B3
:108F5000DDE9165200244C4E884681462C80A246FC
:108F6000B07B694601F002F94FF0FF3B18B158465B
:108F70000DB0BDE8F08F708910F0140F3CD000994F
:108F800009BA21F0FF039DF803100B433B600199E0
:108F90001B1409BA21F0FF029DF807105B430A4336
:108FA0007A6002999DF80B4009BA21F0FF01214334
:108FB000B960039C091424BA24F0FF0C9DF80F40FB
:108FC00012144CEA040CC7F80CC04FEA2C47494372
:108FD00002FB023207FB071111441024A1F170615A
:108FE000B1F1007F04D901F033F9A5F800A0BEE784
:108FF000298841F4807129804206694611D50A19F1
:10900000A41D13885BBAA8F8003053885BBAA8F88F
:109010000230928852BAA8F804202A8842F0080246
:109020002A8010F4C07F11D00A19A41D13885BBADE
:10903000A9F8003053885BBAA9F80230928852BA76
:10904000A9F804202A8842F070022A80800716D0EE
:109050000C44E07800F0C00500F03F016078C007E4
:1090600006D0C80801F007013268491C02B19047D8
:109070006078000703D5716809B1A80988470C9882
:1090800001F09CFC002073E7A00500202DE9FF41C2
:10909000044603A800F074FEBDF80C00410CC303A5
:1090A0002F48028902F00300550754F8200000D52C
:1090B0004042C2F3C105960654F8255000D56D42D2
:1090C000C2F38116D20554F8264000D56442A0FBB5
:1090D0000367C21702FB037200FB0120820042EA11
:1090E0009670A5FB0367EA1702FB037205FB0122DA
:1090F000950045EA9672A4FB0367E51705FB037329
:1091000004FB01318B0043EA9671030E8DF80030A9
:10911000030C8DF80130030A8DF802308DF803003E
:10912000100E8DF80400100C8DF80500100A8DF853
:109130000600080E8DF80800080C8DF80900080AD2
:109140008DF80A008DF807208DF80B106A460C2167
:109150004FF4257001F0B4FB04B0BDE8F0810000CD
:10916000A005002030B5044613A285B007CA8DE8DB
:1091700007004FF0FF35C82C16D8C820B0FBF4F11B
:10918000491E080A8DF80C008DF80D1003AA022163
:1091900040F2162001F094FB30B96A460C2140F6EB
:1091A000C12001F08DFB10B1284605B030BD054847
:1091B00084810020F9E70000FEF2ABC4AAF1DFDFF2
:1091C000BBAFDFDFA0050020F8B53049098901F009
:1091D000030250F822404A0700D56442C1F3C1029D
:1091E0008B0650F8222000D55242C1F3811350F86B
:1091F0002330C80500D55B42254984FB014085002A
:1092000045EA947082FB0142A40F44EA820483FB86
:109210000121950F45EA8105010E8DF80010010C22
:109220008DF80110010A8DF802108DF803006A46CE
:1092300004214FF4747001F043FB4FF0FF3688B9FE
:10924000200E8DF80000200C8DF80100200A8DF80A
:1092500002008DF803406A4604214FF4757001F056
:109260002FFB08B13046F8BD280E8DF80000280C01
:109270008DF80100280A8DF802008DF803506A4627
:1092800004214FF4767001F01BFBF8BDA00500200F
:1092900009E3CA022DE9FF4104463CA004F00303A0
:1092A000006802903AA0006803903AA006683AA0CD
:1092B000056802A8C15C8DF80010C4F3C101425CCE
:1092C0008DF80120C4F38112805C8DF8020003A8A0
:1092D000C35C8DF80430415C8DF80510805C8DF81E
:1092E00006006A46032140F2264001F0E9FA4FF0F9
:1092F000FF37E0BB01AA032140F22A4001F0E0FA67
:10930000A8BBCDE9006560070BD59DF8000040F0D3
:1093100001008DF800009DF8040040F001008DF878
:109320000400A0060BD59DF8010040F001008DF867
:1093300001009DF8050040F001008DF80500E005F2
:109340000BD59DF8020040F001008DF802009DF859
:10935000060040F001008DF806006A4603214FF434
:10936000886001F0ADFA10B901AA032100E004E021
:1093700040F2314001F0A4FA18B1384604B0BDE81B
:10938000F081064804810020F8E700004CCD6C0015
:109390000CC92C003656760026466600A005002033
:1093A0004FF47A7290FBF2F008B54843010E8DF845
:1093B0000010010C8DF80110010A8DF802108DF8D3
:1093C00003006A4604214FF4AE7001F079FA08BD3B
:1093D0000521B0FBF1F008B5010A8DF800108DF8F9
:1093E00001006A4602214FF4AD7001F069FA08BD30
:1093F0000521B0FBF1F008B5010A8DF800108DF8D9
:1094000001006A4602214FF4AC7001F059FA08BD20
:1094100008B500218DF80010C10702D030218DF869
:109420000010810705D59DF8001041F00C018DF862
:109430000010400705D59DF8000040F003008DF8AE
:1094400000006A4601214FF4A47001F039FA08BD0A
:1094500008B560B1042800D90420401E8DF8000032
:109460006A46012140F24F1001F02AFA08BD01209E
:10947000F3E700002DE9FC41054640074FF0FF36B9
:109480007CD0B1F5C86F79D8084602F043FB3E495D
:1094900002F0F6F9074601A800F054FC9DF804001C
:1094A000022806D004280DD008282ED0102865D117
:1094B00034E00E21384602F0E7FC02F0F3FA84B201
:1094C000324907E00D21384602F0DEFC02F0EAFAEC
:1094D0002F4984B2384602F031FB02F0E3FA210A48
:1094E0008DF8001080B28DF80140010A8DF802104D
:1094F0008DF80300E8076C4620D0224602214FF485
:10950000EA7001F0DDF9C8BB11E00C21384602F029
:10951000BBFC02F0C7FA84B21E49DBE70B213846D8
:1095200002F0B2FC02F0BEFA84B21B49D2E7A21CE0
:1095300002214FF4927001F0C3F9F8B9A8070DD5D4
:109540006A4602214FF4EC7001F0BAF9B0B9A21CDE
:1095500002214FF4947001F0B3F978B9680710D57F
:109560006A4602214FF4EE7001F0AAF930B9A21C4C
:1095700002214FF4967001F0A3F910B13046BDE816
:10958000FC810020FBE7000000004843000040464B
:109590000000C045000040450000C0440521B0FB6C
:1095A000F1F008B5010A8DF800108DF801006A4647
:1095B00002214FF4EF7001F083F908BD0521B0FBE3
:1095C000F1F008B5010A8DF800108DF801006A4627
:1095D00002214FF4ED7001F073F908BD04490A68E7
:1095E0005206FCD5024AC1B2121D1160704700003C
:1095F0000038014010B5144600222260114A21F0C3
:1096000000439342A8BF10BD53EA000208BF10BD3B
:10961000B3F5801FA8BF226807DA362202F006FCE5
:109620006FF0350221F000432260DFF81CC06FF3B9
:109630001E510CEB23531A4441F0FF5141F00051ED
:10964000226010BD0000F07F02FCFFFF2DE9FE4309
:109650000646264801AB042240680D21007800F040
:109660003FFA10B10720BDE8FE839DF804101C20CE
:1096700000EAD1029DF80710DFF87490C1F30113DE
:109680001A438DF800209DF80520C1F3810300EAFC
:10969000D2021A438DF801209DF8062001F0030143
:1096A00000EAD20008430024124F8DF80200A046C1
:1096B0006D46285D10B146F824900AE046F82480F3
:1096C0000DE000BF56F82400394602F037FA46F89C
:1096D0002400285D401E10F0FF002855F2D1641CC4
:1096E000E4B2032CE5D30020BDE70000F800002021
:1096F0007B14AE3E1D5A843F2DE9FE4F05460120E6
:10970000C14E8DF800004FF000088DF801803068E0
:109710000C461746817C70686B460222007800F088
:1097200017FA4FF0FF3A00287AD1C820FFF788FADD
:109730008DF8008030686B460122C17B706800782C
:1097400000F006FA0028EFD130686B46012241791B
:109750007068007800F0FCF90028E5D130686B46AD
:109760000122817C7068007800F0F2F90028DBD1DA
:1097700030686B460122C17D7068007800F0E8F91E
:109780000028D1D130686B460122017970680078D9
:1097900000F0DEF90028C7D14FF00C098DF80090D9
:1097A00030686B46012201797068007800F0D0F9CA
:1097B000002835D10F20FFF743FAB06A6B4601222B
:1097C000407A8DF80000306881787068007800F089
:1097D000BFF9002824D1B06A6B460122007A8DF8C7
:1097E0000000306841787068007800F0B1F9002816
:1097F00073D1B06A807A0FB140F0E0008DF80000BC
:1098000030686B46012281797068007800F0A0F919
:10981000002862D12FB1B06AC07A40F0E00001E0C8
:109820004AE018208DF8000030686B460122C179AB
:109830007068007800F08CF9F0BB17B1C820FFF712
:10984000FFF940208DF8000030686B460122017955
:109850007068007800F07CF970BB78208DF800000B
:1098600030686B46012241797068007800F070F929
:1098700010BB3220FFF7E4F98DF8008030684746CE
:109880006B46417970680122007800F061F998B95F
:1098900031687068B046897A00786B46022200F021
:1098A0001FF948B9BDF80000AF6040BAB0FBF9F04D
:1098B0006F60C6B22F6000E00FE0A76067602760AE
:1098C000002739E0D8F80010D8F804006B46C97AB0
:1098D00000780C2200F004F910B15046BDE8FE8F6C
:1098E000BDF80000236840BA02B2BDF80200BDF81E
:1098F00004101A44226040BA626800B210446060EA
:1099000049BAA06809B20844A060BDF806002B68F7
:1099100040BA02B2BDF808001A4440BA01B2BDF81C
:109920000A002A606A6840BA11446960A96800B2F6
:1099300008447F1CFFB2A860B742C3D328688322C3
:10994000C117090441EA104100040023F6F795FC11
:1099500032460023F6F791FC286068688322C1171D
:10996000090441EA104100040023F6F786FC324660
:109970000023F6F782FC6860A8688322C1170904F7
:1099800041EA104100040023F6F777FC3246002339
:10999000F6F773FCA86020684FF40065C11709044E
:1099A00041EA104100042A460023F6F766FC3246DD
:1099B0000023F6F762FC206060682A46C11709049C
:1099C00041EA104100040023F6F757FC3246002319
:1099D000F6F753FC6060A0682A46C117090441EA03
:1099E000104100040023F6F748FC32460023F6F746
:1099F00044FCA060002802DDA0F5803001E000F505
:109A00008030A060002069E7F80000202DE9F84FC1
:109A100081462E488846002540686B460322007820
:109A20000D2100F05DF810B10720BDE8F88F9DF81A
:109A30000000002400F01F008DF800009DF80100D8
:109A40006FF00F0B00F01F008DF801009DF8020071
:109A50006E4600F01F008DF802004FF0010A00BFB3
:109A600059F8241058F82400081A00D5404202F092
:109A700039F8594602F008FA0746305DC0B114487B
:109A800002E0144902F05AF8315D491E11F0FF015D
:109A90003155F6D10146384601F0F2FE4FF07E51C5
:109AA00002F018F90C4920F00040884205DC07E07C
:109AB0000A483844B0F1D97F02D90AFA04F00543C4
:109AC000641C032CCCDB2846AFE70000F800002024
:109AD0000000C84154E3853F295C0F3E0000E0BE12
:109AE0002DE9F0411D4614460F460646FCF7FCF9E9
:109AF000B0B17006000EFCF7C7F9FCF73DFA90B163
:109B00003846FCF7C1F9FCF737FAFCF7EDF901200C
:109B100000EB4600C0B2FCF7B7F9FCF72DFA0FE0F6
:109B20000120BDE8F081FCF707FAF9E7012C0DD020
:109B30005FF00100FCF772F9641E05F8010BE4B256
:109B4000002CF3D1FCF7F8F90020EAE70020F1E758
:109B50002DE9F0411E4615460F460446FCF7C4F9B0
:109B600068B16006000EFCF78FF9FCF705FA48B102
:109B70003846FCF789F9FCF7FFF900240CE00120D6
:109B8000BDE8F081FCF7D8F9F9E7305DFCF77CF926
:109B9000FCF7F2F910B1641CAC42F6DBFCF7CCF92F
:109BA0000020EDE702490020C1F8AC017047000039
:109BB0000000214202490020C1F88C0170470000DA
:109BC0000080214290F90010002902DD4FF00000D2
:109BD000704702DA4FF00400704790F90110002935
:109BE00002DD4FF00100704702DA4FF005007047C8
:109BF00090F90200002802DD4FF00200704702DAFF
:109C00004FF0060070474FF0070070472DE9F04114
:109C100006460C4640F2FF75174635EA14502BD025
:109C200000221346304601F0EBF925D03A46304683
:109C3000214602F0FBF806460C4635EA145010D0D7
:109C400000221346304601F0DBF915D10220F6F769
:109C5000C1FDFEF755FB0A46214662F31E01BDE831
:109C6000F0810220F6F7B6FDFEF742FB0A462146D8
:109C700062F31E01BDE8F08130462146BDE8F08167
:109C8000F9F7A8FFFDF70AFEFCF72EFFFCF7A8FF87
:109C9000FCF7DCFFFDF710F8FDF730F8FDF718F9D9
:109CA000FCF7FAFEFEF738FF0C4D0E4900240C4875
:109CB0006C6008600D490C480860FEF71BFFFDF75B
:109CC00031FEFCF7A3FE0120FCF772FC0028FAD05D
:109CD00085F80040FEF7D6FBFCE7000004000020FA
:109CE0000000F04110020020000010421402002089
:109CF0002DE9F041124C20F00101002594F82400D8
:109D000010B10020BDE8F081A07A4FF0FF3668B1B5
:109D10000840277C2074884200D0354641B101209C
:109D200000F0AAFE00F094FA38B127743046E9E753
:109D3000207D00B1012000F09FFE2846E2E70000F0
:109D4000F80000200D494A7A42B1012A08D0022ABF
:109D50000FD0032A0FD04FF0FF307047022200E0EF
:109D600004220270C97C11B11106C90D01700020D6
:109D700070470822F5E71022F3E70000F800002002
:109D80000F494A7A42B1012A09D0022A11D0032A86
:109D900012D04FF0FF3070474FF4804201E041F69F
:109DA0009C720280C97C11B1C2F34E010180002077
:109DB00070474FF48052F4E74FF40062F1E700007F
:109DC000F80000200B49097A39B1012907D002298E
:109DD0000AD003290BD0002103E0FA2101E04FF45F
:109DE000FA710180002070474FF47A71F9E74FF45F
:109DF000FA61F6E7F80000200A49097A41B1012921
:109E000008D002290AD003290AD04FF0FF3070474A
:109E1000054900E005490160002070470449FAE760
:109E20000449F8E7F80000200000034300008342E3
:109E300033330342333383410C49C97A072913D2A0
:109E4000DFE801F01204060A0C0E1000BC2100E04D
:109E500062210180002070472A21FAE71421F8E7E7
:109E60000A21F6E70521F4E70021F2E7F8000020D7
:109E7000054991F8242012B14FF0FF307047C9898D
:109E80000180002070470000F80000202DE9FC410F
:109E90004C4C80208DF8000020686B460122817CAC
:109EA00060680078FFF754FE4FF0FF37002832D18A
:109EB0006420FEF7C5FE00258DF8005020686B4633
:109EC0000122817C60680078FFF742FE002870D193
:109ED00020686B460622817D60680078FFF700FEEF
:109EE000002866D19DF805009DF80310C007400FBB
:109EF00001F0010140EA41019DF801004FF0010627
:109F000000F00100014309D0012905D0022915D034
:109F10002DA0F6F7D7F94CE0E67410E020686B4608
:109F20000122C17860680078FFF7DAFD40BB9DF838
:109F3000000010F00F0020D0042822D0E574FF208C
:109F400004F80A0F4FF6FF7104F8020C04F8010C34
:109F50006070A180A0712072A67026766576E57289
:109F6000A572E56025616561A576E576A5834FF468
:109F7000FA6000F06BFB18B907E01D48F6F7A2F98C
:109F800017E01CA0F6F79EF9C6E7022000F080FA61
:109F900078B92A2000F0C2FB58B9322000F0F4FB57
:109FA00038B90020FFF7A4FE18B9002000F0A4FA89
:109FB00010B13846BDE8FC81002000F025FC0020EF
:109FC000F8E70000F8000020556E737570706F722E
:109FD00074656420736F6674776172652070726F48
:109FE00064756374207265762025642E0A00000073
:109FF000D4CD000848616C662073656E736974691E
:10A0000076697479207061727420666F756E642E43
:10A010000D0A00002DE9FF4FDFF89480064685B059
:10A0200098F8250015460F464FF0FF39B0BBAFB387
:10A03000002420E0301B102800DD102080B2834671
:10A040003A1901469246204600F03AFC30BB6A4677
:10A050005946204600F0D2F800BB50465A466946A1
:10A06000F6F73BFA20B16FF0010009B0BDE8F08FC0
:10A0700004EB0B0084B2B442DCD3280A8DF8100044
:10A080008DF81150D8F80000444604AB817ED8F812
:10A09000040002220078FFF75BFD08B14846E4E7C0
:10A0A000012084F825000898E0840020DDE7000006
:10A0B000F80000202DE9F84305464FF0FF39282825
:10A0C00044D80727284C00267DB1012000F0F4FA7F
:10A0D00020208DF800004FF00108012D17D0052D2C
:10A0E00018D88DF8018005201FE0002000F0E4FA68
:10A0F0008DF800608DF8017020686B460222817C2B
:10A1000060680078FFF724FD00BB267529E08DF814
:10A110000160E8E7142D04D802208DF801000A2020
:10A1200003E003208DF80100142000F0F7FA9DF8F9
:10A1300001006B4607EB80108DF8010020680222B9
:10A14000817C60680078FFF703FD10B14846BDE8E8
:10A15000F8830820A072267384F814800020FFF78B
:10A16000C7FD0020F3E70000F80000202DE9F843C8
:10A17000214C0646174694F8240089464FF0FF38D4
:10A1800090B3A07A80B320686B460222817A60681F
:10A190000078FFF7A5FC38BBBDF8000045BAB54212
:10A1A00002D2002038701FE060684188B5EB510F83
:10A1B00011D9216800786B46497C0122FFF790FC99
:10A1C00090B99DF80000C00605D500F041F86FF089
:10A1D0000100BDE8F8832068F2B24B46C17A60689E
:10A1E0000078FFF77DFC08B14046F2E7B5FBF6F0DA
:10A1F000401E38700020ECE7F8000020F8B516008B
:10A200000D464FF0FF371FD0104CA17AE1B1010A83
:10A210008DF80010C0B28DF80100411960684289C4
:10A22000914211D8216800786B46097E0222FFF71F
:10A230008FFC48B92068EAB23346417D60680078F7
:10A24000FFF74EFC002800D03846F8BDF80000208B
:10A25000F8B5524C4FF0FF36A07A00287CD000258C
:10A260008DF8005020686B460122C17B6068007841
:10A27000FFF76EFC00286FD120686B460122417900
:10A2800060680078FFF764FC002865D120686B46A1
:10A290000122017960680078FFF75AFC00287AD122
:10A2A00094F82400C8B30C208DF8000020686B4699
:10A2B0000122017960680078FFF74AFC00286AD122
:10A2C000C0208DF80000A07AC00702D0E0208DF8F1
:10A2D000000020686B460122017960680078FFF772
:10A2E00037FC002857D1607C18B102208DF800009F
:10A2F00001E08DF8005020686B460122C17B606848
:10A300000078FFF725FC38BB8DF8005020686B46BD
:10A31000012241796068007839E0FFE704208DF878
:10A32000000020686B460122017960680078FFF721
:10A330000FFC88B9A07C80B9A07AC0070DD060203E
:10A340008DF8000020686B46012201796068007872
:10A35000FFF7FEFB00B902E01DE04020F0E7607C63
:10A3600018B101208DF8000001E08DF80050206840
:10A370006B460122C17B60680078FFF7E9FB50B9AA
:10A380002068064B01224179606810330078FFF79E
:10A39000DFFB002800D03046F8BD0000F8000020A8
:10A3A0002DE9F047394C82468AB094F824000F46D4
:10A3B00020B1002000F00EF9012600E0002607A8D9
:10A3C000FFF700FD06A8FFF7BDFC09A8FFF734FD65
:10A3D00008A8FFF74DFD94F80A9094F81080002526
:10A3E000002239465046FFF787F910B16D1C022D47
:10A3F000F6DB022D1AD00025012203A96846FFF7DB
:10A400007BF910B16D1C022DF6DB022D0ED003A9D5
:10A410003846FDF7F7FFC7B269465046FFF7F6FA30
:10A4200010F0FF0F4FF0000502D002E0002503E01E
:10A4300001250FB945F00205FF2020726072E0721D
:10A440004FF6FF71E181A072207401202073BDF8E6
:10A450001C0000F0FBF89DF8180000F019F8BDF89A
:10A46000240000F05BF9BDF8200000F08DF94846AB
:10A4700000F0CAF94046FFF73BFC16B1012000F09E
:10A48000A9F80AB02846BDE8F0870000F8000020CF
:10A4900038B5184C4FF0FF35A17A19B3022806D011
:10A4A000042806D008280ED010281BD10DE000206B
:10A4B00000E008208DF80000607A9DF80010B0EBF5
:10A4C000D10F04D005E01020F4E71820F2E70020B7
:10A4D00038BD20686B460122C17960680078FFF7BB
:10A4E00037FB08B1284638BD9DF80000C0086072EF
:10A4F000EDE70000F8000020F8B5354C0546A07CDB
:10A50000A84201D10020F8BD31484FF0FF366B461C
:10A51000D0E900104FF001020979007835B3FFF758
:10A52000DFFA70BB9DF800006B4620F020008DF82C
:10A53000000020680122017960680078FFF708FBBD
:10A54000F8B90320FEF77CFB02208DF8000094F898
:10A55000220078B382202BE020686B460122017D27
:10A5600060680078FFF7F4FA58B92EE0FFF7B8FA00
:10A5700038B9A07AC0079DF8000003D040F0200051
:10A5800002E00CE020F020008DF8000020686B460F
:10A590000122017960680078FFF7DAFA08B13046E5
:10A5A000F8BD0320FEF74CFB94F8220000B1802098
:10A5B0008DF8000094F823000028CDD09DF800000D
:10A5C00040F030008DF80000C6E7A5749AE700005F
:10A5D000F800002038B51C4C94F8241081421DD09E
:10A5E000002500B394F82500D0B1002000F044FA13
:10A5F0000020FFF781FFE08C00F0C6F88DF80050D6
:10A6000060686B46012200782321FFF7A1FA012040
:10A6100084F8240000F030FAFFF71AFE002038BD5D
:10A620004FF0FF3038BD002000F026FA207C8DF876
:10A63000000060686B46012200782321FFF788FA4A
:10A6400084F82450E8E70000F800002038B5194CE1
:10A650004FF0FF35A17A31B3FA2809D0B0F5FA7F6F
:10A6600008D0B0F57A7F0FD0B0F5FA6F1BD10DE0AE
:10A67000002000E008208DF80000207A9DF80010EE
:10A68000B0EBD10F04D005E01020F4E71820F2E77A
:10A69000002038BD20686B4601228179606800780F
:10A6A000FFF756FA08B1284638BD9DF80000C008EB
:10A6B0002072EDE7F800002038B5174C054694F8F5
:10A6C0002300A84201D1002038BD0DB1302000E0A8
:10A6D00000208DF80000A07C28B19DF8000040F01B
:10A6E00002008DF8000094F8220028B19DF80000C7
:10A6F00040F080008DF8000020686B460122017D4B
:10A7000060680078FFF724FA10B14FF0FF3038BDD1
:10A7100084F82350D7E70000F800002038B5194C22
:10A720004FF0FF35A17A31B3BC2801D3012010E0EE
:10A73000622801D302200CE02A2801D3032008E07C
:10A74000142801D3042004E00A2801D3052000E0E6
:10A7500006208DF80000E07A9DF80010884201D1B3
:10A76000002038BD20686B4601228178606800783F
:10A77000FFF7EEF908B1284638BD9DF80000E072F9
:10A78000EEE70000F8000020F8B51E4D04464FF03B
:10A79000FF37A87A48B395F8240030BB287D4FF4E2
:10A7A0007A7648B164B1282C03D8E0B2FFF782FC76
:10A7B00026E00020FFF77EFC042C05D2042406E0EE
:10A7C0000020FFF777FCF9E7B44200D93446B6FB26
:10A7D000F4F0401E8DF8000028686B460122417895
:10A7E00068680078FFF7B4F908B13846F8BD9DF8FD
:10A7F0000000401CB6FBF0F0E8814008FFF78EFF38
:10A800000020F8BDF8000020F8B5054610F0700FE4
:10A810004FF0000601D0012004E015B18DF8006072
:10A8200002E040208DF80000244C6B460122206895
:10A83000817C60680078FFF78BF94FF0FF3760BBD1
:10A840009DF8000020F0400020738DF8006068063D
:10A8500002D404208DF80000A80605D49DF800005D
:10A8600040F002008DF80000E80605D49DF80000D5
:10A8700040F001008DF80000280705D49DF8000085
:10A8800040F038008DF8000020686B460122C17C42
:10A8900060680078FFF75CF910B1A6723846F8BD21
:10A8A00025B1082D02D00020FFF706FFA5722675FE
:10A8B0003220FEF7C5F90020F8BD0000F8000020A6
:10A8C000F8B516000D464FF0FF371FD0104CA17A97
:10A8D000E1B1010A8DF80010C0B28DF801004119F4
:10A8E00060684289914211D8216800786B46097EE0
:10A8F0000222FFF72DF948B92068EAB23346417DBC
:10A9000060680078FFF724F9002800D03846F8BDC9
:10A91000F80000202DE9F05F9946DDF82CB00D46D7
:10A92000824691422ED1002728E0002423E00C9992
:10A9300009FB07F0002201EB8008164648F82420A6
:10A9400016E000BF09FB06F00BEB80000A9A50F8F6
:10A95000241005FB07F002EB800050F8260001F000
:10A96000EDF858F8241000F017FF48F82400761C82
:10A97000AE42E7DB641C4C45D9DB7F1C5745D4DB7A
:10A98000BDE8F09FBDE8F05F01A0F5F79BBC0000BB
:10A990004572726F723A204D6174726978206861F5
:10A9A000732077726F6E672064696D656E73696F6F
:10A9B0006E732100002800DA4042704770470000A3
:10A9C00010B50A480A4C0021036801220948A34235
:10A9D00002DA8270017110BD0379002BFBD1817006
:10A9E00002710548C0F8AC1110BD0000EC00002059
:10A9F0009A991941800000200000214210B588B0CA
:10AA0000694604A8FFF7CCFC072832D107A8FFF756
:10AA1000F3F9049801F066F807990C4601F08EF8F6
:10AA200001F024F80490059801F05CF8214601F04B
:10AA300085F801F01BF80590069801F053F82146BF
:10AA400001F07CF801F012F8069004A8FEF7BCFBB8
:10AA500003A8FFF795F9BDF80C0000994143009158
:10AA60000199414301910299414368460291FEF7E1
:10AA70000DFB08B010BD0000F8B5144C014622468D
:10AA800094F82460D2E9000200235D1E56B179B12A
:10AA9000022111E0C17B10786B460122FFF758F8C4
:10AAA00068B90EE0A67A56B111B1617C61B902E0D5
:10AAB0008DF80030EEE701218DF80010EAE7284616
:10AAC000F8BD9DF8000060740020F8BDF80000207B
:10AAD0002DE9F04106460F4600F062FC041E0D46CB
:10AAE00018BF0120284320F00040C0F17F6000F132
:10AAF000E040C00F0ED0301C18BF0120384320F0BA
:10AB00000040C0F17F6000F1E040C00F04BF0120B1
:10AB1000F5F760FE20462946BDE8F08110B5002912
:10AB20000AD00878002807D005487844F6F748FD91
:10AB3000002801D0002010BD0248784410BD00005C
:10AB40002A2300002223000010B500290AD008782B
:10AB5000002807D005487844F6F732FD002801D0D8
:10AB6000002010BD0248784410BD00001A230000E8
:10AB70001223000021F00042A2F16052B2F5801FC2
:10AB800001F0004328BFD2F17F6C0BD95FEA001CB3
:10AB900043EAC20242EB507018BF704728BF20F052
:10ABA00001007047B2F5801FBCBF184670474FEADE
:10ABB000410C1CF5001F02D2084601F086B870B5A2
:10ABC00000F058FB00000089FFF7F6BF4FF000408F
:10ABD000A0F580007047000010B591EA030F48BF50
:10ABE00083F0004300F1CA84841A71EB030C05D290
:10ABF000121943EB0C03001B61EB0C01DFF824E19D
:10AC00004FEA1154A4EB135C1EEA430F18BF9EEAEF
:10AC1000445F73D023EA0E03DCF1200E21EA0451D5
:10AC200043F4801332D322FA0CFE10EB0E0023FA09
:10AC30000CFE41EB0E01CCF1200E03FA0EFE10EBE0
:10AC40000E0051F10001B1F5801FCCF1200E32D27F
:10AC500001EB045112FA0EF2BDE8104058BF7047E4
:10AC6000401C38BF5FEA420218BF7047002814BF7B
:10AC700020F0010041F100014FEA410313F5001FEC
:10AC800038BF7047A1F1C04100F042BB012A43EB3D
:10AC90000302ACF1200CDCF11F0E32BF4FF0000EAE
:10ACA00023FA0CF310EB030041EB0451B4EB115FFA
:10ACB000D0D0A1EB045101F5801149085FEA3000C2
:10ACC00001EB04510ED350F1000038BF12FA0EFE12
:10ACD00008D1BDE81040C9E7401C38BF5FEA420216
:10ACE000CAD1C3E7BDE810404FEA410313F5001F86
:10ACF00038BF7047A1F1C04100F00ABB9EEA445F33
:10AD000008D011EA5E0FBDE8104004BF01F0004119
:10AD100000207047BDE8104070B500F0ABFA00BFEE
:10AD200064FBBE3E0000E0FF02494FF0000001F06E
:10AD30004BB800BF0000F87F491058BFC1F1404137
:10AD40005B1058BFC3F140438B42EFF30080704764
:10AD50002DE9C04130B4DFF8A0C23CEA111418BF9D
:10AD60003CEA131400F0EC8081EA03051CEA11149C
:10AD700044EAD57418BF1CEA131500F0C780A4EB91
:10AD800005044FF0004545EAC12145EAC32341EAE5
:10AD9000505143EA525304F17F74994204F5003450
:10ADA0004FEAC0204FEAC22208BF904200F09C80C8
:10ADB0004FEA13650FF24016765D4FEA134506FB26
:10ADC00005F7C7F1807706FB07F74FEAD737A7FBF0
:10ADD00003687642C8F58038A7FB06CE38BFA8F1D5
:10ADE000010807FB08E64FF0000EA6FB028CE6FB0D
:10ADF00003CEDCF1000CCEF1004E38BFAEF1010EF7
:10AE0000A6FB0C584FF000074FF00005E6FB0E873D
:10AE1000A1FB08C6A0FB07CE16EB0E0645F1000508
:10AE2000E1FB076515F1E04E7EBFA4F580345FEAD3
:10AE300046066D4116F1800745F100054FEA1727D8
:10AE40004FEA066647EA0567A6F1DE46B6F1805F7F
:10AE50004FEA15251FD9384624F0010C05EBC471C3
:10AE6000BCF1FE6F01EB0C1102D8F0BCBDE8008113
:10AE700024425CBF01F5801E9EEAC47F02D4F0BC70
:10AE8000BDE80081244238D4F0BCA1F1C041BDE846
:10AE9000004100F03DBA4FEAD22242EA43524FEA63
:10AEA000D323A7FB02864FEAD02040EA415007FB9C
:10AEB00003661EEA0E0F4FEAD12105FB026658BF5A
:10AEC000A6EB0056B6EB00564FEA520E4EEAC37E92
:10AED00018EB0E0E56EB530EBDD518EB02085E4173
:10AEE0007F1C55F10005B6E74FF480154FF00007C1
:10AEF0004FF000064FF00008ADE7F0BC4FF0000047
:10AF000001F1C04101F00041BDE8008111EA0C1FD0
:10AF10000CEA131500D00CE013EA0C1F00F025809A
:10AF20004FF00000F0BC81EA030101F00041BDE8F0
:10AF30000081F0BCBDE8004181EA030100F0E8B9FE
:10AF4000F0BCBDE8004170B500F094F9097EFC3E0C
:10AF500000F007B881EA03014FF0000001F0004162
:10AF6000704781EA030100F0D3B9F0BCBDE80041AD
:10AF70004FF0000021497047FFFDFBF9F7F5F4F2AF
:10AF8000F0EEEDEBE9E8E6E4E3E1E0DEDDDBDAD884
:10AF9000D7D5D4D3D1D0CFCDCCCBCAC8C7C6C5C4E2
:10AFA000C2C1C0BFBEBDBCBBBAB9B8B7B6B5B4B3F9
:10AFB000B2B1B0AFAEADACABAAA9A8A8A7A6A5A4E4
:10AFC000A3A3A2A1A09F9F9E9D9C9C9B9A999998A8
:10AFD0009797969595949393929191908F8F8E8E4B
:10AFE0008D8C8C8B8B8A89898888878786858584D8
:10AFF00084838382828181800000FF070000F87FC4
:10B0000051EA030C17D41CF5801F58BFBCF5801FF4
:10B0100000F10680994218BF704708BF9042704700
:10B0200007D711F5801F58BF13F5801F19D4994217
:10B030007047894270471CF5801F08D5BCF5801FFA
:10B04000F7D58B4218BF704708BF824270474FF454
:10B05000001C1CEB410F38BF1CEB430F01D28B428D
:10B06000704770B500F006F9922449004FF0005186
:10B070004FF08053FFF760BE10F0004248BF4042DF
:10B08000B0FA80F310FA03F10AD0C3F11D0303F5FF
:10B0900080634FEA415002EB035202EBD12170472B
:10B0A0004FF000007047000051EA030C17D41CF564
:10B0B000801F58BFBCF5801F00F10680994218BF61
:10B0C000704708BF9042704707D711F5801F58BFDF
:10B0D00013F5801F19D499427047894270471CF5B7
:10B0E000801F08D5BCF5801FF7D58B4218BF70476D
:10B0F00008BF824270474FF4001C1CEB410F38BF61
:10B100001CEB430F01D28B42704770B500F0B2F8D0
:10B11000922449004FF000514FF08053FFF70CBECE
:10B12000DFF848C170B51CEA111E1EBF1CEA1315DA
:10B130009EEA0C0F95EA0C0F00F06F8081EA030481
:10B1400023EA4C134EEAD47E21EA4C1141F48011DB
:10B1500043F48013AE44A1FB024CA0FB0365AEF1A7
:10B160007F7E361955EB0C05A1FB034C4CF1000317
:10B17000A0FB021C16EB0C06654153F100030942CB
:10B1800018BF46F0010613F4007F0BD14FEA0331DC
:10B190004FEA0530340341EA155140EA16506FF08A
:10B1A00003020AE04FEAC3214FEAC520F40241EA54
:10B1B000555140EA56506FF0020202EB2E4201EB6D
:10B1C000025585EACE710AD05FEA440C18BF24F01C
:10B1D000004450F1000041F1000120EAD47040F237
:10B1E000FE7C624500D270BDA84214BF4FF080447F
:10B1F0004FF04044002E08BF0024BEF1806FA8BF6E
:10B20000A1F1C041BDE8704080F282804FF00000A3
:10B2100001F1C04101F0004170479EEA0C0F0CEAB9
:10B22000131518BF95EA0C0F06D04FF0000081EA05
:10B23000030E0EF0004170BD00F01CF88900013EC5
:10B2400000F007B800F009B84FEA430C5FEA5C5C15
:10B2500008D081EA030100F05BB84FEA410C5FEAD5
:10B260005C5CF6D14FF00000014970470000FF0719
:10B270000000F87F0EF1020E2EF0030E5EF8046B54
:10B28000364205D4012A43EB030515F5001F12D8F9
:10B29000012841EB010C1CF5001F0CD80ED14FEA20
:10B2A000D17C15F5001F0CEB4C0C0CF1020C08BF07
:10B2B0004CEBD37C04E04FF0080C01E04FEAD37C68
:10B2C0000CEB4C0526FA05F606F00706B6F1040C61
:10B2D00006D20EEB860CBDE870404CF0010C6047C6
:10B2E000DFE80CF0090B02024FF000414FF00000C4
:10B2F000A1F5002170BD19461046012851EB01044B
:10B3000018BFD4F5001484BF002001F0004170BDC7
:10B310000808A0F500114FEA3101704753EA010C0B
:10B3200017D41CF5801F58BFBCF5801F00F10680A4
:10B330008B4218BF704708BF8242704707D713F58A
:10B34000801F58BF11F5801F19D48B4270479B4254
:10B3500070471CF5801F08D5BCF5801FF7D59942B2
:10B3600018BF704708BF904270474FF4001C1CEB99
:10B37000430F38BF1CEB410F01D2994270470FB405
:10B380000CBC03BCFFF7C1BE91EA030F10B581F0FE
:10B3900000413FF529AC83F0004300F0EFB8000016
:10B3A0002DE9F04101F5801CBCF5001FC0F2C380FF
:10B3B0004FEA115C21EA0C510CF1FD0C41F48011B3
:10B3C0005FEA5C0C0CF5C07C01D3400049413DA410
:10B3D000890241EA905187028E0E0A0CA45D04FB9B
:10B3E00004F602FB06F6C6F14046A4FB0662F60D23
:10B3F00046EA422606FB06F4A4FB01235242C3F1AF
:10B40000404338BF5B1EA6FB02420024E6FB032438
:10B41000D20B42EA4446A6FB0623A1FB02E2A3FBB1
:10B4200007E4A4184FF0000252F10002E3FB0142CE
:10B430006442C2F1404E38BFAEF1010EA6FB0423B8
:10B440004FF00002E6FB0E32A2FB03464FF0000471
:10B45000B61954F10004E2FB0264A1FB06E6A4FB6A
:10B4600007E816EB08064FF0000858F10008E4FB67
:10B4700001687642C8F1405838BFA8F10108A2FB24
:10B4800006E4A3FB08E52D194FF0000454F1000475
:10B49000E2FB0854A1FB05E6A7FB04E818EB06084D
:10B4A0004FF0000656F10006E1FB048618F1200576
:10B4B00056F10006A809A8F11B08B10908F03F08D9
:10B4C000B8F10A0F40EA86601CD901EB0C51BDE8C7
:10B4D000F08100BFFCF5EEE8E2DDD8D3CFCBC7C3E7
:10B4E000C0BDB9B6B4B1AEACA9A7A5A3A19F9D9BA1
:10B4F0009A9896959392908F8D8C8B898887868564
:10B5000084838281A0FB006800FB01F208EB420803
:10B51000B8EB872807D5341858EB0104D5D5401C63
:10B5200051F10001D1E7341A78EB0104CDD4401E6B
:10B5300071F10001C9E75FEA4C0C5FEA9C5C0DD138
:10B5400005D34FF0000001F00041BDE8F081BDE8F7
:10B55000F04170B5FFF78EFE6DDBFFBEBDE8F04138
:10B560004FF00000004970470000F87F10B591EAE5
:10B57000030F48BF83F000433FF536AB841A71EBED
:10B58000030C07D212198CF0004C43EB0C03001B88
:10B5900061EB0C01DFF8A4E14FEA1154A4EB135C5A
:10B5A0001EEA430F18BF9EEA445F00F0B08023EA12
:10B5B0006E03524221EA0451C3EB6E0338BF5B1E97
:10B5C000DCF1200E25D322FA0CFE10EB0E0043FA1C
:10B5D0000CFE41EB0E01CCF1200E03FA0EFE10EB37
:10B5E0000E0051F10001CCF1200E29D412FA0EF216
:10B5F00001EB0451BDE8104058BF7047401C1CBF10
:10B60000B2F1004F704700280CBF491C20F0010028
:10B61000704712EB020E43EB030218BF4FF0010E0E
:10B620004EEA4202ACF1200CDCF11E0E54D943FA72
:10B630000CFE10EB0E0051F1FF31CCF11E0ED5D5F2
:10B640000EF1010E12FA0EFE404141EB010101EB39
:10B65000445C5FEA5C5C10D910EBDE7001EB0451D6
:10B6600038BFBEF1004FBDE8104018BF704700283A
:10B670000CBF491C20F00100704730D24FEAD42C97
:10B6800011F5001124F400641BD0B1FA81F20B3AD9
:10B69000A41AA41ED2F12003914030FA03F31943F7
:10B6A000904001EBCC71002C01EB0451BDE810403F
:10B6B000A8BF704701F1C0414FF0000001F0004108
:10B6C0007047B0FA80F310FA03F100D110BDE41A0C
:10B6D000173C4805C90AE4E701EB045110BD4910C5
:10B6E00001EB0451BDE810404FEA300002E04FF09A
:10B6F000000170474A0008BF0042F8D0B2F5001FB1
:10B7000028BF704701F000414FF0000070479EEAEB
:10B71000445F07D011EA5E0FBDE8104004BF00216E
:10B7200000207047BDE8104070B5FFF7A3FD00BFD3
:10B7300040DFF63E83F00041104670470000E0FF16
:10B7400043004FEAD30C4FEA3C0C43401FBF400775
:10B750000CF1605113F0FE4F70471CF0006F03D1E5
:10B7600000200CF0004170470CF0004343EA507099
:10B7700010B540EACC0000F062FA00BF0000009271
:10B780004FEA0001FFF7C4BD4FF000414FF0000049
:10B79000A1F500217047000090EA010F48BF81F039
:10B7A000004100F19E82421A3CBF801A89184FEA7C
:10B7B000D0524FF07F4C1CEA410FA2EBD15318BF7F
:10B7C0009CEA026F00F03B804FF0004C4CEA0020F6
:10B7D0004CEA012121FA03FC10EB0C0C1ED202F101
:10B7E000FF325FEA1C2040EBC25038BF70471CF0AC
:10B7F0007F0F4FEA400C18BFBCF17F4F38BF704736
:10B80000C3F12003994008BF20F00100BCF17F4F35
:10B8100038BF7047A0F1C04000F057BA4FEA3C0073
:10B82000000A40EBC25028BF1CF0FF0F4FEA400C4B
:10B83000E6D018BFBCF17F4F38BF7047EAE79CEAFB
:10B84000026F05D010EA5C0F08BF00F0004070479F
:10B8500010B500F0F4F900BF64FBBE3E014800F0F3
:10B86000B3BA00BF0000C07F401058BFC0F14040D5
:10B87000491058BFC1F140418142EFF30080704749
:10B880004FF47F0C1CEAD0121EBF1CEAD11392EABF
:10B890000C0F93EA0C0F00F0858090EA010F48BF6F
:10B8A00042F4807240F4000C41F400002CF07F411F
:10B8B00020F07F4000B58142A2EB03020FF2081C8A
:10B8C000ACEB504EC0F100009EF800E04FEA4E0E87
:10B8D00000FB0EFC38BF49004FEA2C1C02F5FA02AF
:10B8E0000CFB0EF34FEACE1E4FEA112C4FEAC1219A
:10B8F0000EEB635E42EB22420EFB0CFC4FEA1C5344
:10B9000000FB03114FEA112C4FEA01310EFB0CFC36
:10B910004FEADC4C00FB0C11C14228BF09184CEB6C
:10B9200003335DF804EB10EB410143EBC250B2F579
:10B930007C0F38BF704729D512F0F00F1CBF00F103
:10B94000C04000F000407047008182838485868774
:10B9500088898B8C8D8E8F919293959697999A9CCE
:10B960009D9FA0A2A3A5A7A8AAACAEB0B2B3B5B73D
:10B97000B9BCBEC0C2C5C7C9CCCED1D4D7D9DCDF13
:10B98000E2E6E9ECF0F3F7FAFE0000004FEA400CC3
:10B990000CF1807CBCF17E4F28BF7047B0F1C040F5
:10B9A00000F093B990EA010F0CEAD11348BF42F4BA
:10B9B0008072624538BF634507D213F47F0F16D0FB
:10B9C00080EA010000F00040704710B500F037F940
:10B9D000097EFC3E00F005B880EA010000F000405E
:10B9E000704780EA010000F0004000F06EB912F4E8
:10B9F0007F0F04BF0248704780EA010000F065B97C
:10BA00000000C07F50EA010C00F113801CF5000F0C
:10BA100058BFBCF5000F01D48842704707D710F516
:10BA2000000F58BF11F5000F15D4884270478942A6
:10BA300070471CF5000F04D5BCF5000FF7D5814207
:10BA400070474FF0807C1CEB400F38BF1CEB410F60
:10BA500001D28142704710B500F0F1F892244900FC
:10BA60004FF000504FF08051FFF7FEBE41000B0E2B
:10BA7000D3F19E0208D950F400034FEA032323FABE
:10BA800002F048BF4042704710B500F0D8F800BF40
:10BA900049922480002070476FF0004282EA200023
:10BAA00070470000C10DD1F19E0206DB4FEA002372
:10BAB00043F0004323FA02F07047004207D54FEAF3
:10BAC0004001B1F1FE4F02D24FF00000704710B5B7
:10BAD00000F0B5F849922480002070476FEA2000FA
:10BAE0007047000010F0004148BF4042B0FA80F3B8
:10BAF00010FA03F2C3F19D030BD051EAC35101EBDD
:10BB00001220530638BF704700F1010008BF20F033
:10BB100001007047B0FA80F310FA03F2C3F19D03FD
:10BB20000AD0D90501EB1220530638BF704700F147
:10BB3000010008BF20F00100704700004FF47F0CA7
:10BB40001CEAD0121EBF1CEAD11392EA0C0F93EA32
:10BB50000C0F00F0478090EA010F48BF42F480725A
:10BB60004FF0004C4CEA00204CEA012102EB0302AA
:10BB7000A0FB0113A2F50002002918BF43F0010346
:10BB80005B0028BF4FEA330342EB22425FEA132CEB
:10BB90004CEBC2502EBFBCEB436FB2F57C0F70472D
:10BBA0004FEA036CBCF1004F08BF20F00100B2F572
:10BBB0007C0F38BF70470BD582F0FF0212F5803F33
:10BBC000C8BF704700F1C040D8BF00F000407047C8
:10BBD00000F5000C5FEA4C0C48BF7047B0F1C04064
:10BBE00000F073B890EA010F0CEAD11348BF42F499
:10BBF0008072624538BF634504D280EA010000F0DC
:10BC00000040704710B500F01AF800BF8900013EEF
:10BC100000F007B800F009B85FEA410C5FEA1C6C5D
:10BC200008D080EA010000F050B85FEA400C5FEAFB
:10BC30001C6CF6D14FF00040A0F5800070470EF16B
:10BC4000020E2EF0030E5EF8044B244204D44FEA99
:10BC50004102B2F17F4F11D84FEA4003B3F17F4F59
:10BC60000CD80ED14FEAD07CB2F17F4F0CEB4C0CCC
:10BC70000CF1020C08BF4CEBD17C04E04FF0080C37
:10BC800001E04FEAD17C0CEB4C0324FA03F404F0FE
:10BC90000704B4F1040C06D20EEB840CBDE810408E
:10BCA0004CF0010C6047DFE80CF0070802024FF08F
:10BCB0000040A0F5800010BD0846420018BFD2F138
:10BCC000807288BF00F0004010BDFF2141EAD050D3
:10BCD000C005704790EA010F48BF81F000413FF571
:10BCE00062AD421A04D882F00042A0EB0200114477
:10BCF0004FEAD0524FF07F4C1CEA410FA2EBD153D8
:10BD000018BF9CEA026F4AD04FF0004C4CEA00206A
:10BD10004CEA012121FA03FCB0EB0C0C0FD412F019
:10BD2000FE0F36D05FEA4C001DD5001240EBC2502A
:10BD300038BF70471CF03F0F18BF70470BE0A2F1EF
:10BD400001025FEA1C2040EBC25038BF70471CF074
:10BD50007F0F18BF7047C3F12003994014BF401EE6
:10BD600020F00100704780084FEA122308BF704797
:10BD7000B0FA80FCA2EB0C02CCF1280C60FA0CF0BB
:10BD800093EA122F04BF00EBC25070474FEAC37012
:10BD90007047130A5FEADC1008BF7047F6E79CEAB9
:10BDA000026F04D010EA5C0F08BF0020704710B586
:10BDB000FFF745FF40DFF63E81F0004070474FF04F
:10BDC00000007047F4F73EBE0CF00F03092B08BFCC
:10BDD000082000F085800A2B0BD0082B18BF704775
:10BDE00008BF1CF0400F0AD04FF000004FF00001D8
:10BDF00070471CF0400F18BF4FF0004070471CF018
:10BE0000100F08D020F0704300F07F4242EAD301C7
:10BE10004FEA4370704700F0604021F07F4242EAF1
:10BE2000000201F07F4040EA727070474FF0FF0C53
:10BE30004CF4E06C1CEA11531CBF9CEA030C9445C3
:10BE4000C2BFDA4201EB02517047002B0DD0BCF1AA
:10BE5000000F0FD0002A01F00041A4BF41F0E041E3
:10BE600041F07F614FF00000704701F000414FF05A
:10BE70000000704750EA01334FF09B0C18BF4CF0A4
:10BE8000806C7EF451AF70474FF0FF0212EAD0523F
:10BE90001CBF92F0FF038B42C2BFD14200EBC150E6
:10BEA0007047002A0AD0002B0BD0002900F0004078
:10BEB000A4BF40F0FE4040F40000704700F0004096
:10BEC000704743024FF00B0C18BF4CF0806C7FF4AE
:10BED000C5AC7047F5F714BAF5F7B2BBF5F740BD3E
:10BEE0001CF4801F11D01CF4E02F03D06FEACC317A
:10BEF000490070474FF04050EFF3008222F070424B
:10BF000042EA000282F3008870474FF00000704759
:10BF1000010202030405060708090A0B0C0D0E0FA7
:10BF20001010010202030405060708090A0B0C0D94
:10BF30000E0F1010000000000000000001020304BA
:10BF4000060708090000000001020304680000045D
:10BF500076005401F7FD000175191A0C6A231B1CA9
:10BF60001F207274433B4138393A6B6C376F06249B
:10BF70006D6E7000830000000008000000010018D2
:10BF800032000500000020410000D242295C0F3E33
:10BF90009A99993E3333733F295C0F3E000070003D
:10BFA00000000024000000020003000000650054AF
:10BFB000FFEF0000FA80000B12820001030C30C377
:10BFC0000E8C8CE914D5400213710F8E3883F883E0
:10BFD0003000F883258EF8833000F883FFFFFFFFE1
:10BFE0000FFEA9D6240004001A8279A10000003CAB
:10BFF000FFFF00000010000038836FA2003E0330F6
:10C000004000000002CAE3093E800000200000005A
:10C01000000000004000000060000000000C000074
:10C02000000C186E000006920A16C0DFFFFF0256D1
:10C03000FD8CD377FFE1C496E0C5BEAA00000000E6
:10C04000FFFF0B2B000016570000035940000000B3
:10C0500000001DFA00026C1D000000003FFFDFEB36
:10C06000003EB3B6000D227800002F3C0000000017
:10C07000001942B5000039A20000B365D90E9FC96E
:10C080001DCF4C3430000000500000003BB67AE871
:10C090000064000000C80000000000001000000064
:10C0A0001000FA921000225E000D229F0001000095
:10C0B00000320000FF46000063D4000010000000C2
:10C0C00004D6000004CC000004CC00000000107274
:10C0D0000000004000000000000000000006000218
:10C0E00000050007000000000064000000000000E0
:10C0F00000000005000500640020000000000000B2
:10C1000000000000000040000000030000000032BA
:10C11000F8980000FF650000830F0000FF9BFC0003
:10C12000000000000000000000000000000000000F
:10C1300000000000000000000000000000000000FF
:10C14000000000000000000000001000400000009F
:10C15000000000060000B26A000200000001FB833C
:10C160000068000000D9FC007CF1FF8300000000A3
:10C1700000650000006403E800640028000000255A
:10C180000000000016A000000000100000001000D9
:10C19000002F0000000001F4000010000028000043
:10C1A000FFFF4581FFFFFA72000000000000000061
:10C1B000004400050005BAC6004778A2000000014F
:10C1C0000000000000000600000000140000254DE3
:10C1D000002F706D000005AE000C02D000000000C2
:10C1E000000000000000000000000000001B000034
:10C1F00000000000000000000000000000640000DB
:10C200000008000000000000000000000000000026
:10C21000000000000000000000000000000000001E
:10C22000000000000000000000000000000000000E
:10C2300000000000000000000000000000000000FE
:10C2400000000000000000000000000000000000EE
:10C25000000000000000000000000000001B0000C3
:10C260000000000000000000000E000E00000AC7E1
:10C270000004000000000032FFFFFF9C00000B2BB9
:10C28000000000020000000100000064FFE5000063
:10C29000000000000000000000000000000000019D
:10C2A000000000000001000000000000000180000C
:10C2B0000001800000018000002426D3000000005F
:10C2C00000000000000600100096003C0000000086
:10C2D0000000000000000000000000000C0A4E6892
:10C2E000CDCF770950166759C619CE8200000000DD
:10C2F000000000000000000000000000000000003E
:10C300000000000017D784000300000000000000B8
:10C3100000000000C7938F9D1E1B1C190000000029
:10C32000000000000000000000000000000000000D
:10C330000000000002031885000040000000000318
:10C3400000000003000000000000000040000000AA
:10C3500000000000000000000000000000000000DD
:10C3600000000000000000000000000000000000CD
:10C3700000000000000000000000000000000000BD
:10C38000677DDF7E72902E554CF6E6880000000037
:10C39000000000000000000000000000D8DCB4B87D
:10C3A000B0D8B9ABF3F8FAB3B7BB8E9EAEF132F5A5
:10C3B0001BF1B4B8B08097F1A9DFDFDFAADFDFDFC0
:10C3C000F2AAC5CDC7A90CC92C97F1A98926466642
:10C3D000B28999A92D557DB0B08AA896365676F1C6
:10C3E000BAA3B4B280C0B8A89711B28398BAA3F028
:10C3F000240844106418B2B9B49883F1A329557D78
:10C40000BAB5B1A38393F0002850F5B2B6AA8393CE
:10C4100028547CF1B9A3829361BAA2DADEDFDB8112
:10C420009AB9AEF5606870F1DABAA2DFD9BAA2FAA9
:10C43000B9A38292DB31BAA2D9BAA2F8DF85A4D01F
:10C44000C1BBAD83C2C5C7B8A2DFDFDFBAA0DFDFE3
:10C45000DFD8D8F1B8AAB38DB4980D355DB2B6BAAD
:10C46000AF8C96198F9FA70E161EB49AB8AA872C68
:10C47000547CBAA4B08AB691325676B28494A4C8D9
:10C4800008CDD8B8B4B0F19982A82D557D98A80EE2
:10C49000161EA22C547C92A4F02C5078F184A898FB
:10C4A000C4CDFCD80DDBA8FC2DF3D9BAA6F8DABAB6
:10C4B000A6DED8BAB2B68696A6D0F3C841DAA6C828
:10C4C000F8D8B0B4B882A892F52C548898F135D930
:10C4D000F418D8F1A2D0F8F9A884D9C7DFF8F88306
:10C4E000C5DADF69DF83C1D8F40114F1A8824EA850
:10C4F00084F311D182F5D992289788F109F41C1C94
:10C50000D884A8F3C0F9D1D99782F129F40DD8F3D2
:10C51000F9F9D1D982F4C203D8DEDF1AD8F1A2FA30
:10C52000F9A88498D9C7DFF8F8F883C7DADF69DF9C
:10C53000F883C3D8F40114F198A8822EA884F311CB
:10C54000D182F5D992509788F109F41CD884A8F3C8
:10C55000C0F8F9D1D99782F149F40DD8F3F9F9D19E
:10C56000D982F4C403D8DEDFD8F1AD8898CCA8090D
:10C57000F9D98292A8F57CF1883ACF944A6E98DB7B
:10C580006931DAADF2DEF9D88795A8F221D1DAA5C2
:10C59000F9F417D9F1AE8ED0C0C3AE82C684C3A859
:10C5A0008595C8A588F2C0F1F4010EF18E9EA8C64B
:10C5B0003E56F554F18872F40115F19845856EF5F3
:10C5C0008E9E0488F142985A8E9E068869F4011C5A
:10C5D000F1981E1108D0F504F11E97020298362535
:10C5E000DBF9D985A5F3C1DA85A5F3DFD88595A850
:10C5F000F309DAA5FAD88292A8F578F1881A849F0F
:10C6000026889821DAF41DF3D8879F39D1AFD9DF76
:10C61000DFFBF9F40CF3D8FAD0F8DAF9F9D0DFD966
:10C62000F9D8F40BD8F3879F39D1AFD9DFDFF41DE8
:10C63000F3D8FAFCA869F9F9AFD0DADEFAD9F88FA5
:10C640009FA8F1CCF398DB45D9AFDFD0F8D8F18FB4
:10C650009FA8CAF38809DAAF8FCBF8D8F2AD978DCF
:10C660000CD9A5DFF9BAA6F3FAF412F2D8950DD1D8
:10C67000D9BAA6F3FADAA5F2C1BAA6F3DFD8F1BAAD
:10C68000B2B68696A6D0CAF349DAA6CBF8D8B0B42B
:10C69000B8D8AD84F2C0DFF18FCBC3A8B2B686960E
:10C6A000C8C1CBC3F3B0B48898A821DB718D9D714C
:10C6B000859521D9ADF2FAD88597A828D9F408D85C
:10C6C000F28D29DAF405D9F285A4C2F2D8A88D94A6
:10C6D00001D1D9F411F2D88721D8F40AD8F284987C
:10C6E000A8C801D1D9F411D8F3A4C8BBAFD0F2DEE9
:10C6F000F8F8F8F8F8F8F8F8D8F1B8F6B5B9B08A5B
:10C7000095A3DE3CA3D9F8D85CA3D9F8D87CA3D9EB
:10C71000F8D8F8F9D1A5D9DFDAFAD8B18530F7D948
:10C72000DED8F830ADDADED8F2B48C99A32D557D81
:10C73000A083DFDFDFB591A0F629D9FBD8A0FC29C3
:10C74000D9FAD8A0D051D9F8D8FC51D9F9D879D98B
:10C75000FBD8A0D0FC79D9FAD8A1F9F9F9F9F9A058
:10C76000DADFDFDFD8A1F8F8F8F8F8ACDEF8ADDEF4
:10C770008393AC2C547CF1A8DFDFDFF69D2CDAA08C
:10C78000DFD9FADB2DF8D8A850DAA0D0DED9D0F85E
:10C79000F8F8DB55F8D8A878DAA0D0DFD9D0FAF8C5
:10C7A000F8F8F8DB7DF8D89CA88CF530DB38D9D0C8
:10C7B000DEDFA0D0DEDFD8A848DB58D9DFD0DEA08E
:10C7C000DFD0DED8A868DB70D9DFDFA0DFDFD8F1EB
:10C7D000A888902C547C98A8D05C38D1DAF2AE8C22
:10C7E000DFF9D8B087A8C1C1B188A8C6F9F9DA368F
:10C7F000D8A8F9DA36D8A8F9DA36D8A8F9DA36D8C6
:10C80000A8F9DA36D8F78D9DADF818DAF2AEDFD890
:10C81000F7ADFA30D9A4DEF9D8F2AEDEFAF983A783
:10C82000D9C3C5C7F1889BA77AADF7DEDFA4F8842A
:10C830009408A797F300AEF29819A488C6A3948829
:10C84000F632DFF28393DB09D9F2AADFD8D8AEF84B
:10C85000F9D1DAF3A4DEA7F1889B7AD8F38494AEF9
:10C8600019F9DAAAF1DFD8A881C0C3C5C7A392839A
:10C87000F628ADDED9F8D8A350ADD9F8D8A378AD55
:10C88000D9F8D8F8F9D1A1DADEC3C5C7D8A1819407
:10C89000F818F2B089ACC3C5C7F1D8B8B4B0978660
:10C8A000A8319B069907AB9728889BF00C20144071
:10C8B000B0B4B8F0A88A9A285078B79BA8295179C3
:10C8C000247059446938644831F1BBAB88002C545A
:10C8D0007CF0B38BB8A804285078F1B088B49726C0
:10C8E000A85998BBABB38B02264666B0B8F08A9CB9
:10C8F000A82951798B2951798A2470598B20587134
:10C900008A4469388B3940688A6448318B30496081
:10C9100088F1AC002C547CF08CA804285078F18865
:10C920009726A85998AC8C02264666F0899CA829BF
:10C930005179247059446938644831A988092059CB
:10C9400070AB11384069A8193148608CA83C415C33
:10C95000207C00F187981986A86E767EA999882D8B
:10C96000557DD8B1B5B9A3DFDFDFAED0DFAAD0DE09
:10C97000F2ABF8F9D9B087C4AAF1DFDFBBAFDFDFD4
:10C98000B9D8B1F1A3978E60DFB084F2C8F8F9D9B5
:10C99000DED89385F14AB183A308B5839A0810B70E
:10C9A0009F10D8F1B0BAAEB08AC2B2B68E9EF1FB7B
:10C9B000D9F41DD8F9D90CF1D8F8F8AD61D9AEFB8E
:10C9C000D8F40CF1D8F8F8AD19D9AEFBDFD8F416CD
:10C9D000F1D8F8AD8D61D9F4F4ACF59C9C8DDF2BCA
:10C9E000BAB6AEFAF8F40BD8F1AED0F8AD51DAAE73
:10C9F000FAF8F1D8B9B1B6A3839C08B9B1839AB556
:10CA0000AAC0FD3083B79F10B58B93F20202D1AB61
:10CA1000DADED8F1B080BAABC0C3B284C1C3D8B13A
:10CA2000B9F38BA391B609B4D9ABDEB0879CB9A397
:10CA3000DDF1B38B8B8B8B8BB087A3A3A3A3B28BBE
:10CA4000B69BF2A3A3A3A3A3A3A3A3A3A3F1B0871D
:10CA5000B59AA3F39BA3A3DCBAACDFB9A3A3A3A3AA
:10CA6000A3A3A3A3A3A3A3A3A3A3A3A3D8D8D8BBDF
:10CA7000B3B7F1AAF9DAFFD9809AAA28B48098A7A7
:10CA800020B79787A86688F07951F1902C870CA77A
:10CA900081976293F071716085940129517990A515
:10CAA000F1284C6C870C95188578A38390284C6CE2
:10CAB000886CD8F3A28200F210A8921980A2F2D951
:10CAC00026D8F188A84DD948D896A83980D93CD81D
:10CAD0009580A839A68698D92CDA87A72CD8A8895A
:10CAE0009519A980D938D8A88939A980DA3CD8A85D
:10CAF0002EA83990D90CD8A8953198D90CD8A80966
:10CB0000D9FFD801DAFFD89539A9DA26FFD890A83D
:10CB10000D8999A810809821DA2ED88999A831809A
:10CB2000DA2ED8A886963180DA2ED8A8873180DA16
:10CB30002ED8A88292F34180F1D92ED8A882F31979
:10CB400080F1D92ED882ACF3C0A28022F1A62EA704
:10CB50002EA92298A829DAACDEFFD8A2F22AF1A9E0
:10CB60002E8292A8F23180A696F1D900AC8C9C0C52
:10CB700030ACDED0DEFFD88C9CACD010ACDE809226
:10CB8000A2F24C82A8F1CAF235F19688A6D900D853
:10CB9000F1FF000017B7D13817B7D1380AD7A33B38
:10CBA000000000000000803F000000000000803F07
:10CBB000000000000AD7A33B000000000000803FF7
:10CBC000000000000000803F000000000000803FE7
:10CBD00000000000000000000000803F0000803FD7
:10CBE0000AD7A3BB000000000000803FFFE6DB2E59
:10CBF0000000000000000000FFE6DB2E0000803F88
:10CC0000000000000AD7A3BB0000803F0000803F67
:10CC100000000000000000000000803F0000803F96
:10CC20000AD7A3BB000000000000803FFFE6DB2E18
:10CC30000000000000000000FFE6DB2E0000803F47
:10CC4000000000000AD7A3BB0000803F00000000E6
:10CC5000555555555555C53F7D6FEB0312D6D4BF7D
:10CC60005544880E55C1C93F3B8F68B52882A4BF83
:10CC700088B20175E0EF493F09F7FD0DE13D023F44
:10CC80004B2D8A1C273A03C0C88A599CE52A0040CC
:10CC900059018D1B6C06E6BF82922EB1C5B8B33F19
:10CCA0004FBB610567ACDD3F182D4454FB21E93FC4
:10CCB0009BF681D20B73EF3F182D4454FB21F93FB3
:10CCC000E2652F227F2B7A3C075C143326A6813C39
:10CCD000BDCBF07A8807703C075C143326A6913CE4
:10CCE000C4EB98999999C9BF711623FEC671BCBF50
:10CCF0006D9A74AFF2B0B3BF9AFDDE522DDEADBFB8
:10CD00002F6C6A2C44B4A2BF0D5555555555D53FCF
:10CD1000FF8300922449C23F6E204CC5CD45B73FEA
:10CD2000513DD0A0660DB13FEB0D76244B7BA93F62
:10CD300011DA22E33AAD903F00000000000000004D
:10CD400002400000000000A00000000005400000BC
:10CD5000000000C8000000000C4000000000409CE3
:10CD600000000000194000000020BCBE00000000D0
:10CD700034400000BFC91B8E00000004B540000015
:10CD8000504BCFD06607E2CF010000006C4100009D
:10CD90003E8251AADFEEA73401000000D942000014
:10CDA000DCB5A0E23A301F97FFFFFFFFB44500005B
:10CDB000FD25A0C8E9A3C14FFFFFFFFFFF3F000013
:10CDC0000000008000000000FF3F00000000008025
:10CDD0000000000050726F64756374204944207233
:10CDE000656164206173203020696E6469636174D9
:10CDF000657320646576696365206973206569746D
:10CE000068657220696E636F6D70617469626C65CC
:10CE1000206F7220616E204D5055333035302E0D0D
:10CE20000A00000080CF0008000000203802000047
:10CE30006C010008D4CF000838020020F809000077
:10CE4000C8010008000000000000F07FFFFFFFFFA6
:10CE5000FFFFEF7F1C00000043000000F8FFFFFF12
:10CE60000C0000000E0000000F0000002E0000006B
:10CE70001001000043000000F8FFFFFF00404040A9
:10CE8000404040404040414141414140404040409D
:10CE90004040404040404040404040404005020249
:10CEA0000202020202020202020202020220202008
:10CEB0002020202020202002020202020202909064
:10CEC0009090909010101010101010101010101062
:10CED00010101010101010100202020202028888B6
:10CEE00088888888080808080808080808080808C2
:10CEF00008080808080808080202020240000000AA
:10CF00000000000000000000000000000000000021
:10CF10000000000000000000000000000000000011
:10CF20000000000000000000000000000000000001
:10CF300000000000000000000000000000000000F1
:10CF400000000000000000000000000000000000E1
:10CF500000000000000000000000000000000000D1
:10CF600000000000000000000000000000000000C1
:10CF700000000000000000000000000000000000B1
:10CF80003202022B01292C8210F324F40324803F67
:10CF90005AFF046978092A80693004332441508398
:10CFA00040411358BF1B084C0401201A7424056229
:10CFB0000AD7A33BCB803F0CE910094E50231646FD
:10CFC00013404224C0C14513F8412480D4440328AF
:04CFD000A04100007C
:0400000508000131BD
:00000001FF
